area,year,latitude,longitude,aqi_openweather_avg,pm2_5_avg,pm10_avg,no2_avg,o3_avg,co_avg
A. Narayanapura,2020,12.9959732,77.6781360,3.63,42.83,47.78,16.51,59.0,566.13
A. Narayanapura,2021,12.9959732,77.6781360,2.51,24.37,28.53,18.02,41.71,606.76
A. Narayanapura,2022,12.9959732,77.6781360,2.67,26.97,31.36,19.51,45.67,625.3
A. Narayanapura,2023,12.9959732,77.6781360,2.22,23.57,27.92,18.23,47.04,591.49
A. Narayanapura,2024,12.9959732,77.6781360,2.21,22.74,25.86,15.89,49.45,596.5
A. Narayanapura,2025,12.9959732,77.6781360,2.1,21.43,26.53,10.02,53.59,327.1
A. Narayanapura,2026,12.9959732,77.6781360,3.18,42.23,50.97,6.06,82.52,332.38
AECS Layout,2020,12.9641180,77.7130369,3.54,41.03,45.9,6.32,69.59,404.87
AECS Layout,2021,12.9641180,77.7130369,2.41,22.46,26.53,11.94,48.93,447.98
AECS Layout,2022,12.9641180,77.7130369,2.55,24.9,29.17,12.02,54.31,452.68
AECS Layout,2023,12.9641180,77.7130369,2.2,22.47,26.86,12.07,54.33,456.64
AECS Layout,2024,12.9641180,77.7130369,2.13,20.62,23.69,8.62,55.88,437.55
AECS Layout,2025,12.9641180,77.7130369,2.07,20.62,25.4,7.0,54.94,282.11
AECS Layout,2026,12.9641180,77.7130369,3.2,42.92,51.69,5.79,83.49,325.56
Adugodi,2020,12.9440234,77.6088867,3.63,42.83,47.78,16.51,59.0,566.13
Adugodi,2021,12.9440234,77.6088867,2.51,24.37,28.53,18.02,41.71,606.76
Adugodi,2022,12.9440234,77.6088867,2.67,26.97,31.36,19.51,45.67,625.3
Adugodi,2023,12.9440234,77.6088867,2.22,23.57,27.92,18.23,47.04,591.49
Adugodi,2024,12.9440234,77.6088867,2.21,22.74,25.86,15.89,49.45,596.5
Adugodi,2025,12.9440234,77.6088867,2.1,21.43,26.53,10.02,53.59,327.1
Adugodi,2026,12.9440234,77.6088867,3.18,42.23,50.97,6.06,82.52,332.38
Agaram,2020,12.9472641,77.6364187,3.63,42.83,47.78,16.51,59.0,566.13
Agaram,2021,12.9472641,77.6364187,2.51,24.37,28.53,18.02,41.71,606.76
Agaram,2022,12.9472641,77.6364187,2.67,26.97,31.36,19.51,45.67,625.3
Agaram,2023,12.9472641,77.6364187,2.22,23.57,27.92,18.23,47.04,591.49
Agaram,2024,12.9472641,77.6364187,2.21,22.74,25.86,15.89,49.45,596.5
Agaram,2025,12.9472641,77.6364187,2.1,21.43,26.53,10.02,53.59,327.1
Agaram,2026,12.9472641,77.6364187,3.18,42.23,50.97,6.06,82.52,332.38
Alanahalli Thippasandra,2020,12.9157985,77.7509743,3.54,41.03,45.9,6.32,69.59,404.87
Alanahalli Thippasandra,2021,12.9157985,77.7509743,2.41,22.46,26.53,11.94,48.93,447.98
Alanahalli Thippasandra,2022,12.9157985,77.7509743,2.55,24.9,29.17,12.02,54.31,452.68
Alanahalli Thippasandra,2023,12.9157985,77.7509743,2.2,22.47,26.86,12.07,54.33,456.64
Alanahalli Thippasandra,2024,12.9157985,77.7509743,2.13,20.62,23.69,8.62,55.88,437.55
Alanahalli Thippasandra,2025,12.9157985,77.7509743,2.07,20.62,25.4,7.0,54.94,282.11
Alanahalli Thippasandra,2026,12.9157985,77.7509743,3.2,42.92,51.69,5.79,83.49,325.56
Alehalli,2020,13.0317003,77.7026814,3.54,41.03,45.9,6.32,69.59,404.87
Alehalli,2021,13.0317003,77.7026814,2.41,22.46,26.53,11.94,48.93,447.98
Alehalli,2022,13.0317003,77.7026814,2.55,24.9,29.17,12.02,54.31,452.68
Alehalli,2023,13.0317003,77.7026814,2.2,22.47,26.86,12.07,54.33,456.64
Alehalli,2024,13.0317003,77.7026814,2.13,20.62,23.69,8.62,55.88,437.55
Alehalli,2025,13.0317003,77.7026814,2.07,20.62,25.4,7.0,54.94,282.11
Alehalli,2026,13.0317003,77.7026814,3.19,41.14,49.03,4.43,87.4,304.89
Anekal,2020,12.7784026,77.7393213,3.53,40.62,45.6,5.13,72.26,396.63
Anekal,2021,12.7784026,77.7393213,2.36,21.51,25.5,8.58,52.82,396.83
Anekal,2022,12.7784026,77.7393213,2.52,24.43,28.74,9.63,57.67,414.88
Anekal,2023,12.7784026,77.7393213,2.16,21.1,25.36,8.18,58.93,391.85
Anekal,2024,12.7784026,77.7393213,2.1,19.65,22.66,5.3,59.02,387.05
Anekal,2025,12.7784026,77.7393213,2.11,21.69,27.17,7.9,55.04,298.83
Anekal,2026,12.7784026,77.7393213,3.29,44.95,54.82,7.55,78.9,352.16
Aramane Nagara,2020,13.0298439,77.5673710,3.63,42.83,47.78,16.51,59.0,566.13
Aramane Nagara,2021,13.0298439,77.5673710,2.51,24.37,28.53,18.02,41.71,606.76
Aramane Nagara,2022,13.0298439,77.5673710,2.67,26.97,31.36,19.51,45.67,625.3
Aramane Nagara,2023,13.0298439,77.5673710,2.22,23.57,27.92,18.23,47.04,591.49
Aramane Nagara,2024,13.0298439,77.5673710,2.21,22.74,25.86,15.89,49.45,596.5
Aramane Nagara,2025,13.0298439,77.5673710,2.1,21.43,26.53,10.02,53.59,327.1
Aramane Nagara,2026,13.0298439,77.5673710,3.11,39.04,46.66,4.75,86.43,313.87
Ashok Nagar,2020,12.9694359,77.6092319,3.63,42.83,47.78,16.51,59.0,566.13
Ashok Nagar,2021,12.9694359,77.6092319,2.51,24.37,28.53,18.02,41.71,606.76
Ashok Nagar,2022,12.9694359,77.6092319,2.67,26.97,31.36,19.51,45.67,625.3
Ashok Nagar,2023,12.9694359,77.6092319,2.22,23.57,27.92,18.23,47.04,591.49
Ashok Nagar,2024,12.9694359,77.6092319,2.21,22.74,25.86,15.89,49.45,596.5
Ashok Nagar,2025,12.9694359,77.6092319,2.1,21.43,26.53,10.02,53.59,327.1
Ashok Nagar,2026,12.9694359,77.6092319,3.18,42.23,50.97,6.06,82.52,332.38
Attiguppe,2020,12.9618745,77.5335505,3.63,42.83,47.78,16.51,59.0,566.13
Attiguppe,2021,12.9618745,77.5335505,2.51,24.37,28.53,18.02,41.71,606.76
Attiguppe,2022,12.9618745,77.5335505,2.67,26.97,31.36,19.51,45.67,625.3
Attiguppe,2023,12.9618745,77.5335505,2.22,23.57,27.92,18.23,47.04,591.49
Attiguppe,2024,12.9618745,77.5335505,2.21,22.74,25.86,15.89,49.45,596.5
Attiguppe,2025,12.9618745,77.5335505,2.1,21.43,26.53,10.02,53.59,327.1
Attiguppe,2026,12.9618745,77.5335505,3.1,40.65,49.24,6.17,81.26,335.27
Avalahalli,2020,12.9459464,77.5409354,3.63,42.83,47.78,16.51,59.0,566.13
Avalahalli,2021,12.9459464,77.5409354,2.51,24.37,28.53,18.02,41.71,606.76
Avalahalli,2022,12.9459464,77.5409354,2.67,26.97,31.36,19.51,45.67,625.3
Avalahalli,2023,12.9459464,77.5409354,2.22,23.57,27.92,18.23,47.04,591.49
Avalahalli,2024,12.9459464,77.5409354,2.21,22.74,25.86,15.89,49.45,596.5
Avalahalli,2025,12.9459464,77.5409354,2.1,21.43,26.53,10.02,53.59,327.1
Avalahalli,2026,12.9459464,77.5409354,3.1,40.65,49.24,6.17,81.26,335.27
Azad Nagar,2020,12.9559212,77.5566879,3.63,42.83,47.78,16.51,59.0,566.13
Azad Nagar,2021,12.9559212,77.5566879,2.51,24.37,28.53,18.02,41.71,606.76
Azad Nagar,2022,12.9559212,77.5566879,2.67,26.97,31.36,19.51,45.67,625.3
Azad Nagar,2023,12.9559212,77.5566879,2.22,23.57,27.92,18.23,47.04,591.49
Azad Nagar,2024,12.9559212,77.5566879,2.21,22.74,25.86,15.89,49.45,596.5
Azad Nagar,2025,12.9559212,77.5566879,2.1,21.43,26.53,10.02,53.59,327.1
Azad Nagar,2026,12.9559212,77.5566879,3.1,40.65,49.24,6.17,81.26,335.27
BTM Layout,2020,12.9140008,77.6102821,3.63,42.83,47.78,16.51,59.0,566.13
BTM Layout,2021,12.9140008,77.6102821,2.51,24.37,28.53,18.02,41.71,606.76
BTM Layout,2022,12.9140008,77.6102821,2.67,26.97,31.36,19.51,45.67,625.3
BTM Layout,2023,12.9140008,77.6102821,2.22,23.57,27.92,18.23,47.04,591.49
BTM Layout,2024,12.9140008,77.6102821,2.21,22.74,25.86,15.89,49.45,596.5
BTM Layout,2025,12.9140008,77.6102821,2.1,21.43,26.53,10.02,53.59,327.1
BTM Layout,2026,12.9140008,77.6102821,3.18,42.23,50.97,6.06,82.52,332.38
Banashankari Temple ward,2020,12.9117234,77.5707877,3.63,42.83,47.78,16.51,59.0,566.13
Banashankari Temple ward,2021,12.9117234,77.5707877,2.51,24.37,28.53,18.02,41.71,606.76
Banashankari Temple ward,2022,12.9117234,77.5707877,2.67,26.97,31.36,19.51,45.67,625.3
Banashankari Temple ward,2023,12.9117234,77.5707877,2.22,23.57,27.92,18.23,47.04,591.49
Banashankari Temple ward,2024,12.9117234,77.5707877,2.21,22.74,25.86,15.89,49.45,596.5
Banashankari Temple ward,2025,12.9117234,77.5707877,2.1,21.43,26.53,10.02,53.59,327.1
Banashankari Temple ward,2026,12.9117234,77.5707877,3.1,40.65,49.24,6.17,81.26,335.27
Bangalore East,2020,13.0001781,77.6190244,3.63,42.83,47.78,16.51,59.0,566.13
Bangalore East,2021,13.0001781,77.6190244,2.51,24.37,28.53,18.02,41.71,606.76
Bangalore East,2022,13.0001781,77.6190244,2.67,26.97,31.36,19.51,45.67,625.3
Bangalore East,2023,13.0001781,77.6190244,2.22,23.57,27.92,18.23,47.04,591.49
Bangalore East,2024,13.0001781,77.6190244,2.21,22.74,25.86,15.89,49.45,596.5
Bangalore East,2025,13.0001781,77.6190244,2.1,21.43,26.53,10.02,53.59,327.1
Bangalore East,2026,13.0001781,77.6190244,3.17,40.45,48.31,4.7,86.43,311.71
Bangalore North,2020,13.0222347,77.5671832,3.63,42.83,47.78,16.51,59.0,566.13
Bangalore North,2021,13.0222347,77.5671832,2.51,24.37,28.53,18.02,41.71,606.76
Bangalore North,2022,13.0222347,77.5671832,2.67,26.97,31.36,19.51,45.67,625.3
Bangalore North,2023,13.0222347,77.5671832,2.22,23.57,27.92,18.23,47.04,591.49
Bangalore North,2024,13.0222347,77.5671832,2.21,22.74,25.86,15.89,49.45,596.5
Bangalore North,2025,13.0222347,77.5671832,2.1,21.43,26.53,10.02,53.59,327.1
Bangalore North,2026,13.0222347,77.5671832,3.11,39.04,46.66,4.75,86.43,313.87
Bangalore South,2020,12.9287596,77.6287122,3.63,42.83,47.78,16.51,59.0,566.13
Bangalore South,2021,12.9287596,77.6287122,2.51,24.37,28.53,18.02,41.71,606.76
Bangalore South,2022,12.9287596,77.6287122,2.67,26.97,31.36,19.51,45.67,625.3
Bangalore South,2023,12.9287596,77.6287122,2.22,23.57,27.92,18.23,47.04,591.49
Bangalore South,2024,12.9287596,77.6287122,2.21,22.74,25.86,15.89,49.45,596.5
Bangalore South,2025,12.9287596,77.6287122,2.1,21.43,26.53,10.02,53.59,327.1
Bangalore South,2026,12.9287596,77.6287122,3.18,42.23,50.97,6.06,82.52,332.38
Basavanapura,2020,13.0093485,77.7108379,3.54,41.03,45.9,6.32,69.59,404.87
Basavanapura,2021,13.0093485,77.7108379,2.41,22.46,26.53,11.94,48.93,447.98
Basavanapura,2022,13.0093485,77.7108379,2.55,24.9,29.17,12.02,54.31,452.68
Basavanapura,2023,13.0093485,77.7108379,2.2,22.47,26.86,12.07,54.33,456.64
Basavanapura,2024,13.0093485,77.7108379,2.13,20.62,23.69,8.62,55.88,437.55
Basavanapura,2025,13.0093485,77.7108379,2.07,20.62,25.4,7.0,54.94,282.11
Basavanapura,2026,13.0093485,77.7108379,3.19,41.14,49.03,4.43,87.4,304.89
Basaveshwara Nagar,2020,12.9932236,77.5391579,3.63,42.83,47.78,16.51,59.0,566.13
Basaveshwara Nagar,2021,12.9932236,77.5391579,2.51,24.37,28.53,18.02,41.71,606.76
Basaveshwara Nagar,2022,12.9932236,77.5391579,2.67,26.97,31.36,19.51,45.67,625.3
Basaveshwara Nagar,2023,12.9932236,77.5391579,2.22,23.57,27.92,18.23,47.04,591.49
Basaveshwara Nagar,2024,12.9932236,77.5391579,2.21,22.74,25.86,15.89,49.45,596.5
Basaveshwara Nagar,2025,12.9932236,77.5391579,2.1,21.43,26.53,10.02,53.59,327.1
Basaveshwara Nagar,2026,12.9932236,77.5391579,3.1,40.65,49.24,6.17,81.26,335.27
Bellanduru,2020,12.9292114,77.6770417,3.63,42.83,47.78,16.51,59.0,566.13
Bellanduru,2021,12.9292114,77.6770417,2.51,24.37,28.53,18.02,41.71,606.76
Bellanduru,2022,12.9292114,77.6770417,2.67,26.97,31.36,19.51,45.67,625.3
Bellanduru,2023,12.9292114,77.6770417,2.22,23.57,27.92,18.23,47.04,591.49
Bellanduru,2024,12.9292114,77.6770417,2.21,22.74,25.86,15.89,49.45,596.5
Bellanduru,2025,12.9292114,77.6770417,2.1,21.43,26.53,10.02,53.59,327.1
Bellanduru,2026,12.9292114,77.6770417,3.18,42.23,50.97,6.06,82.52,332.38
Bengaluru Urban,2020,13.0222347,77.5671832,3.63,42.83,47.78,16.51,59.0,566.13
Bengaluru Urban,2021,13.0222347,77.5671832,2.51,24.37,28.53,18.02,41.71,606.76
Bengaluru Urban,2022,13.0222347,77.5671832,2.67,26.97,31.36,19.51,45.67,625.3
Bengaluru Urban,2023,13.0222347,77.5671832,2.22,23.57,27.92,18.23,47.04,591.49
Bengaluru Urban,2024,13.0222347,77.5671832,2.21,22.74,25.86,15.89,49.45,596.5
Bengaluru Urban,2025,13.0222347,77.5671832,2.1,21.43,26.53,10.02,53.59,327.1
Bengaluru Urban,2026,13.0222347,77.5671832,3.11,39.04,46.66,4.75,86.43,313.87
Benniganahalli,2020,12.9949194,77.6626028,3.63,42.83,47.78,16.51,59.0,566.13
Benniganahalli,2021,12.9949194,77.6626028,2.51,24.37,28.53,18.02,41.71,606.76
Benniganahalli,2022,12.9949194,77.6626028,2.67,26.97,31.36,19.51,45.67,625.3
Benniganahalli,2023,12.9949194,77.6626028,2.22,23.57,27.92,18.23,47.04,591.49
Benniganahalli,2024,12.9949194,77.6626028,2.21,22.74,25.86,15.89,49.45,596.5
Benniganahalli,2025,12.9949194,77.6626028,2.1,21.43,26.53,10.02,53.59,327.1
Benniganahalli,2026,12.9949194,77.6626028,3.18,42.23,50.97,6.06,82.52,332.38
Bharathi Nagar,2020,12.9898432,77.6103341,3.63,42.83,47.78,16.51,59.0,566.13
Bharathi Nagar,2021,12.9898432,77.6103341,2.51,24.37,28.53,18.02,41.71,606.76
Bharathi Nagar,2022,12.9898432,77.6103341,2.67,26.97,31.36,19.51,45.67,625.3
Bharathi Nagar,2023,12.9898432,77.6103341,2.22,23.57,27.92,18.23,47.04,591.49
Bharathi Nagar,2024,12.9898432,77.6103341,2.21,22.74,25.86,15.89,49.45,596.5
Bharathi Nagar,2025,12.9898432,77.6103341,2.1,21.43,26.53,10.02,53.59,327.1
Bharathi Nagar,2026,12.9898432,77.6103341,3.18,42.23,50.97,6.06,82.52,332.38
Bommanahalli,2020,12.9034582,77.6230028,3.63,42.83,47.78,16.51,59.0,566.13
Bommanahalli,2021,12.9034582,77.6230028,2.51,24.37,28.53,18.02,41.71,606.76
Bommanahalli,2022,12.9034582,77.6230028,2.67,26.97,31.36,19.51,45.67,625.3
Bommanahalli,2023,12.9034582,77.6230028,2.22,23.57,27.92,18.23,47.04,591.49
Bommanahalli,2024,12.9034582,77.6230028,2.21,22.74,25.86,15.89,49.45,596.5
Bommanahalli,2025,12.9034582,77.6230028,2.1,21.43,26.53,10.02,53.59,327.1
Bommanahalli,2026,12.9034582,77.6230028,3.18,42.23,50.97,6.06,82.52,332.38
Byrasandra,2020,12.9295931,77.5811810,3.63,42.83,47.78,16.51,59.0,566.13
Byrasandra,2021,12.9295931,77.5811810,2.51,24.37,28.53,18.02,41.71,606.76
Byrasandra,2022,12.9295931,77.5811810,2.67,26.97,31.36,19.51,45.67,625.3
Byrasandra,2023,12.9295931,77.5811810,2.22,23.57,27.92,18.23,47.04,591.49
Byrasandra,2024,12.9295931,77.5811810,2.21,22.74,25.86,15.89,49.45,596.5
Byrasandra,2025,12.9295931,77.5811810,2.1,21.43,26.53,10.02,53.59,327.1
Byrasandra,2026,12.9295931,77.5811810,3.1,40.65,49.24,6.17,81.26,335.27
C V Raman Nagar,2020,12.9856478,77.6649767,3.63,42.83,47.78,16.51,59.0,566.13
C V Raman Nagar,2021,12.9856478,77.6649767,2.51,24.37,28.53,18.02,41.71,606.76
C V Raman Nagar,2022,12.9856478,77.6649767,2.67,26.97,31.36,19.51,45.67,625.3
C V Raman Nagar,2023,12.9856478,77.6649767,2.22,23.57,27.92,18.23,47.04,591.49
C V Raman Nagar,2024,12.9856478,77.6649767,2.21,22.74,25.86,15.89,49.45,596.5
C V Raman Nagar,2025,12.9856478,77.6649767,2.1,21.43,26.53,10.02,53.59,327.1
C V Raman Nagar,2026,12.9856478,77.6649767,3.18,42.23,50.97,6.06,82.52,332.38
Challakere,2020,13.0275380,77.6412496,3.63,42.83,47.78,16.51,59.0,566.13
Challakere,2021,13.0275380,77.6412496,2.51,24.37,28.53,18.02,41.71,606.76
Challakere,2022,13.0275380,77.6412496,2.67,26.97,31.36,19.51,45.67,625.3
Challakere,2023,13.0275380,77.6412496,2.22,23.57,27.92,18.23,47.04,591.49
Challakere,2024,13.0275380,77.6412496,2.21,22.74,25.86,15.89,49.45,596.5
Challakere,2025,13.0275380,77.6412496,2.1,21.43,26.53,10.02,53.59,327.1
Challakere,2026,13.0275380,77.6412496,3.17,40.45,48.31,4.7,86.43,311.71
Chamrajapet,2020,12.9602381,77.5621140,3.63,42.83,47.78,16.51,59.0,566.13
Chamrajapet,2021,12.9602381,77.5621140,2.51,24.37,28.53,18.02,41.71,606.76
Chamrajapet,2022,12.9602381,77.5621140,2.67,26.97,31.36,19.51,45.67,625.3
Chamrajapet,2023,12.9602381,77.5621140,2.22,23.57,27.92,18.23,47.04,591.49
Chamrajapet,2024,12.9602381,77.5621140,2.21,22.74,25.86,15.89,49.45,596.5
Chamrajapet,2025,12.9602381,77.5621140,2.1,21.43,26.53,10.02,53.59,327.1
Chamrajapet,2026,12.9602381,77.5621140,3.1,40.65,49.24,6.17,81.26,335.27
Chamundi Nagara,2020,13.0341222,77.5993048,3.63,42.83,47.78,16.51,59.0,566.13
Chamundi Nagara,2021,13.0341222,77.5993048,2.51,24.37,28.53,18.02,41.71,606.76
Chamundi Nagara,2022,13.0341222,77.5993048,2.67,26.97,31.36,19.51,45.67,625.3
Chamundi Nagara,2023,13.0341222,77.5993048,2.22,23.57,27.92,18.23,47.04,591.49
Chamundi Nagara,2024,13.0341222,77.5993048,2.21,22.74,25.86,15.89,49.45,596.5
Chamundi Nagara,2025,13.0341222,77.5993048,2.1,21.43,26.53,10.02,53.59,327.1
Chamundi Nagara,2026,13.0341222,77.5993048,3.11,39.04,46.66,4.75,86.43,313.87
Chandra Layout,2020,12.9553330,77.5238903,3.63,42.83,47.78,16.51,59.0,566.13
Chandra Layout,2021,12.9553330,77.5238903,2.51,24.37,28.53,18.02,41.71,606.76
Chandra Layout,2022,12.9553330,77.5238903,2.67,26.97,31.36,19.51,45.67,625.3
Chandra Layout,2023,12.9553330,77.5238903,2.22,23.57,27.92,18.23,47.04,591.49
Chandra Layout,2024,12.9553330,77.5238903,2.21,22.74,25.86,15.89,49.45,596.5
Chandra Layout,2025,12.9553330,77.5238903,2.1,21.43,26.53,10.02,53.59,327.1
Chandra Layout,2026,12.9553330,77.5238903,3.1,40.65,49.24,6.17,81.26,335.27
Chickpete,2020,12.9697837,77.5756901,3.63,42.83,47.78,16.51,59.0,566.13
Chickpete,2021,12.9697837,77.5756901,2.51,24.37,28.53,18.02,41.71,606.76
Chickpete,2022,12.9697837,77.5756901,2.67,26.97,31.36,19.51,45.67,625.3
Chickpete,2023,12.9697837,77.5756901,2.22,23.57,27.92,18.23,47.04,591.49
Chickpete,2024,12.9697837,77.5756901,2.21,22.74,25.86,15.89,49.45,596.5
Chickpete,2025,12.9697837,77.5756901,2.1,21.43,26.53,10.02,53.59,327.1
Chickpete,2026,12.9697837,77.5756901,3.1,40.65,49.24,6.17,81.26,335.27
Chikkabanahalli,2020,13.0184264,77.7534826,3.54,41.03,45.9,6.32,69.59,404.87
Chikkabanahalli,2021,13.0184264,77.7534826,2.41,22.46,26.53,11.94,48.93,447.98
Chikkabanahalli,2022,13.0184264,77.7534826,2.55,24.9,29.17,12.02,54.31,452.68
Chikkabanahalli,2023,13.0184264,77.7534826,2.2,22.47,26.86,12.07,54.33,456.64
Chikkabanahalli,2024,13.0184264,77.7534826,2.13,20.62,23.69,8.62,55.88,437.55
Chikkabanahalli,2025,13.0184264,77.7534826,2.07,20.62,25.4,7.0,54.94,282.11
Chikkabanahalli,2026,13.0184264,77.7534826,3.19,41.14,49.03,4.43,87.4,304.89
Chikkakanneli,2020,12.9043344,77.6902129,3.63,42.83,47.78,16.51,59.0,566.13
Chikkakanneli,2021,12.9043344,77.6902129,2.51,24.37,28.53,18.02,41.71,606.76
Chikkakanneli,2022,12.9043344,77.6902129,2.67,26.97,31.36,19.51,45.67,625.3
Chikkakanneli,2023,12.9043344,77.6902129,2.22,23.57,27.92,18.23,47.04,591.49
Chikkakanneli,2024,12.9043344,77.6902129,2.21,22.74,25.86,15.89,49.45,596.5
Chikkakanneli,2025,12.9043344,77.6902129,2.1,21.43,26.53,10.02,53.59,327.1
Chikkakanneli,2026,12.9043344,77.6902129,3.18,42.23,50.97,6.06,82.52,332.38
Chikkalsandra,2020,12.9091763,77.5493493,3.63,42.83,47.78,16.51,59.0,566.13
Chikkalsandra,2021,12.9091763,77.5493493,2.51,24.37,28.53,18.02,41.71,606.76
Chikkalsandra,2022,12.9091763,77.5493493,2.67,26.97,31.36,19.51,45.67,625.3
Chikkalsandra,2023,12.9091763,77.5493493,2.22,23.57,27.92,18.23,47.04,591.49
Chikkalsandra,2024,12.9091763,77.5493493,2.21,22.74,25.86,15.89,49.45,596.5
Chikkalsandra,2025,12.9091763,77.5493493,2.1,21.43,26.53,10.02,53.59,327.1
Chikkalsandra,2026,12.9091763,77.5493493,3.1,40.65,49.24,6.17,81.26,335.27
Chokkasandra,2020,13.0405342,77.5112239,3.63,42.83,47.78,16.51,59.0,566.13
Chokkasandra,2021,13.0405342,77.5112239,2.51,24.37,28.53,18.02,41.71,606.76
Chokkasandra,2022,13.0405342,77.5112239,2.67,26.97,31.36,19.51,45.67,625.3
Chokkasandra,2023,13.0405342,77.5112239,2.22,23.57,27.92,18.23,47.04,591.49
Chokkasandra,2024,13.0405342,77.5112239,2.21,22.74,25.86,15.89,49.45,596.5
Chokkasandra,2025,13.0405342,77.5112239,2.1,21.43,26.53,10.02,53.59,327.1
Chokkasandra,2026,13.0405342,77.5112239,3.11,39.04,46.66,4.75,86.43,313.87
Chowdeshwari Nagar,2020,12.9977018,77.5139236,3.63,42.83,47.78,16.51,59.0,566.13
Chowdeshwari Nagar,2021,12.9977018,77.5139236,2.51,24.37,28.53,18.02,41.71,606.76
Chowdeshwari Nagar,2022,12.9977018,77.5139236,2.67,26.97,31.36,19.51,45.67,625.3
Chowdeshwari Nagar,2023,12.9977018,77.5139236,2.22,23.57,27.92,18.23,47.04,591.49
Chowdeshwari Nagar,2024,12.9977018,77.5139236,2.21,22.74,25.86,15.89,49.45,596.5
Chowdeshwari Nagar,2025,12.9977018,77.5139236,2.1,21.43,26.53,10.02,53.59,327.1
Chowdeshwari Nagar,2026,12.9977018,77.5139236,3.1,40.65,49.24,6.17,81.26,335.27
Cottonpete,2020,12.9745723,77.5689324,3.63,42.83,47.78,16.51,59.0,566.13
Cottonpete,2021,12.9745723,77.5689324,2.51,24.37,28.53,18.02,41.71,606.76
Cottonpete,2022,12.9745723,77.5689324,2.67,26.97,31.36,19.51,45.67,625.3
Cottonpete,2023,12.9745723,77.5689324,2.22,23.57,27.92,18.23,47.04,591.49
Cottonpete,2024,12.9745723,77.5689324,2.21,22.74,25.86,15.89,49.45,596.5
Cottonpete,2025,12.9745723,77.5689324,2.1,21.43,26.53,10.02,53.59,327.1
Cottonpete,2026,12.9745723,77.5689324,3.1,40.65,49.24,6.17,81.26,335.27
Cox Town,2020,12.9934859,77.6251081,3.63,42.83,47.78,16.51,59.0,566.13
Cox Town,2021,12.9934859,77.6251081,2.51,24.37,28.53,18.02,41.71,606.76
Cox Town,2022,12.9934859,77.6251081,2.67,26.97,31.36,19.51,45.67,625.3
Cox Town,2023,12.9934859,77.6251081,2.22,23.57,27.92,18.23,47.04,591.49
Cox Town,2024,12.9934859,77.6251081,2.21,22.74,25.86,15.89,49.45,596.5
Cox Town,2025,12.9934859,77.6251081,2.1,21.43,26.53,10.02,53.59,327.1
Cox Town,2026,12.9934859,77.6251081,3.18,42.23,50.97,6.06,82.52,332.38
Dattatreya Temple,2020,12.9247983,77.5401436,3.63,42.83,47.78,16.51,59.0,566.13
Dattatreya Temple,2021,12.9247983,77.5401436,2.51,24.37,28.53,18.02,41.71,606.76
Dattatreya Temple,2022,12.9247983,77.5401436,2.67,26.97,31.36,19.51,45.67,625.3
Dattatreya Temple,2023,12.9247983,77.5401436,2.22,23.57,27.92,18.23,47.04,591.49
Dattatreya Temple,2024,12.9247983,77.5401436,2.21,22.74,25.86,15.89,49.45,596.5
Dattatreya Temple,2025,12.9247983,77.5401436,2.1,21.43,26.53,10.02,53.59,327.1
Dattatreya Temple,2026,12.9247983,77.5401436,3.1,40.65,49.24,6.17,81.26,335.27
Dayananda Nagar,2020,12.9094950,77.5659480,3.63,42.83,47.78,16.51,59.0,566.13
Dayananda Nagar,2021,12.9094950,77.5659480,2.51,24.37,28.53,18.02,41.71,606.76
Dayananda Nagar,2022,12.9094950,77.5659480,2.67,26.97,31.36,19.51,45.67,625.3
Dayananda Nagar,2023,12.9094950,77.5659480,2.22,23.57,27.92,18.23,47.04,591.49
Dayananda Nagar,2024,12.9094950,77.5659480,2.21,22.74,25.86,15.89,49.45,596.5
Dayananda Nagar,2025,12.9094950,77.5659480,2.1,21.43,26.53,10.02,53.59,327.1
Dayananda Nagar,2026,12.9094950,77.5659480,3.1,40.65,49.24,6.17,81.26,335.27
Deepanjali Nagar,2020,12.9520333,77.5369961,3.63,42.83,47.78,16.51,59.0,566.13
Deepanjali Nagar,2021,12.9520333,77.5369961,2.51,24.37,28.53,18.02,41.71,606.76
Deepanjali Nagar,2022,12.9520333,77.5369961,2.67,26.97,31.36,19.51,45.67,625.3
Deepanjali Nagar,2023,12.9520333,77.5369961,2.22,23.57,27.92,18.23,47.04,591.49
Deepanjali Nagar,2024,12.9520333,77.5369961,2.21,22.74,25.86,15.89,49.45,596.5
Deepanjali Nagar,2025,12.9520333,77.5369961,2.1,21.43,26.53,10.02,53.59,327.1
Deepanjali Nagar,2026,12.9520333,77.5369961,3.1,40.65,49.24,6.17,81.26,335.27
Defence Colony,2020,12.9761710,77.6435315,3.63,42.83,47.78,16.51,59.0,566.13
Defence Colony,2021,12.9761710,77.6435315,2.51,24.37,28.53,18.02,41.71,606.76
Defence Colony,2022,12.9761710,77.6435315,2.67,26.97,31.36,19.51,45.67,625.3
Defence Colony,2023,12.9761710,77.6435315,2.22,23.57,27.92,18.23,47.04,591.49
Defence Colony,2024,12.9761710,77.6435315,2.21,22.74,25.86,15.89,49.45,596.5
Defence Colony,2025,12.9761710,77.6435315,2.1,21.43,26.53,10.02,53.59,327.1
Defence Colony,2026,12.9761710,77.6435315,3.18,42.23,50.97,6.06,82.52,332.38
Devagiri Temple Ward,2020,12.9283235,77.5753171,3.63,42.83,47.78,16.51,59.0,566.13
Devagiri Temple Ward,2021,12.9283235,77.5753171,2.51,24.37,28.53,18.02,41.71,606.76
Devagiri Temple Ward,2022,12.9283235,77.5753171,2.67,26.97,31.36,19.51,45.67,625.3
Devagiri Temple Ward,2023,12.9283235,77.5753171,2.22,23.57,27.92,18.23,47.04,591.49
Devagiri Temple Ward,2024,12.9283235,77.5753171,2.21,22.74,25.86,15.89,49.45,596.5
Devagiri Temple Ward,2025,12.9283235,77.5753171,2.1,21.43,26.53,10.02,53.59,327.1
Devagiri Temple Ward,2026,12.9283235,77.5753171,3.1,40.65,49.24,6.17,81.26,335.27
Devaraj Urs Nagar,2020,12.9629437,77.5494998,3.63,42.83,47.78,16.51,59.0,566.13
Devaraj Urs Nagar,2021,12.9629437,77.5494998,2.51,24.37,28.53,18.02,41.71,606.76
Devaraj Urs Nagar,2022,12.9629437,77.5494998,2.67,26.97,31.36,19.51,45.67,625.3
Devaraj Urs Nagar,2023,12.9629437,77.5494998,2.22,23.57,27.92,18.23,47.04,591.49
Devaraj Urs Nagar,2024,12.9629437,77.5494998,2.21,22.74,25.86,15.89,49.45,596.5
Devaraj Urs Nagar,2025,12.9629437,77.5494998,2.1,21.43,26.53,10.02,53.59,327.1
Devaraj Urs Nagar,2026,12.9629437,77.5494998,3.1,40.65,49.24,6.17,81.26,335.27
Devasandra,2020,13.0019714,77.6914404,3.63,42.83,47.78,16.51,59.0,566.13
Devasandra,2021,13.0019714,77.6914404,2.51,24.37,28.53,18.02,41.71,606.76
Devasandra,2022,13.0019714,77.6914404,2.67,26.97,31.36,19.51,45.67,625.3
Devasandra,2023,13.0019714,77.6914404,2.22,23.57,27.92,18.23,47.04,591.49
Devasandra,2024,13.0019714,77.6914404,2.21,22.74,25.86,15.89,49.45,596.5
Devasandra,2025,13.0019714,77.6914404,2.1,21.43,26.53,10.02,53.59,327.1
Devasandra,2026,13.0019714,77.6914404,3.17,40.45,48.31,4.7,86.43,311.71
Dharmaraya Swamy Temple,2020,12.9655211,77.5831867,3.63,42.83,47.78,16.51,59.0,566.13
Dharmaraya Swamy Temple,2021,12.9655211,77.5831867,2.51,24.37,28.53,18.02,41.71,606.76
Dharmaraya Swamy Temple,2022,12.9655211,77.5831867,2.67,26.97,31.36,19.51,45.67,625.3
Dharmaraya Swamy Temple,2023,12.9655211,77.5831867,2.22,23.57,27.92,18.23,47.04,591.49
Dharmaraya Swamy Temple,2024,12.9655211,77.5831867,2.21,22.74,25.86,15.89,49.45,596.5
Dharmaraya Swamy Temple,2025,12.9655211,77.5831867,2.1,21.43,26.53,10.02,53.59,327.1
Dharmaraya Swamy Temple,2026,12.9655211,77.5831867,3.1,40.65,49.24,6.17,81.26,335.27
Dodda Bommasandra,2020,13.0601068,77.5588200,3.63,42.83,47.78,16.51,59.0,566.13
Dodda Bommasandra,2021,13.0601068,77.5588200,2.51,24.37,28.53,18.02,41.71,606.76
Dodda Bommasandra,2022,13.0601068,77.5588200,2.67,26.97,31.36,19.51,45.67,625.3
Dodda Bommasandra,2023,13.0601068,77.5588200,2.22,23.57,27.92,18.23,47.04,591.49
Dodda Bommasandra,2024,13.0601068,77.5588200,2.21,22.74,25.86,15.89,49.45,596.5
Dodda Bommasandra,2025,13.0601068,77.5588200,2.1,21.43,26.53,10.02,53.59,327.1
Dodda Bommasandra,2026,13.0601068,77.5588200,3.11,39.04,46.66,4.75,86.43,313.87
Dodda Nekkundi,2020,12.9725581,77.6928580,3.63,42.83,47.78,16.51,59.0,566.13
Dodda Nekkundi,2021,12.9725581,77.6928580,2.51,24.37,28.53,18.02,41.71,606.76
Dodda Nekkundi,2022,12.9725581,77.6928580,2.67,26.97,31.36,19.51,45.67,625.3
Dodda Nekkundi,2023,12.9725581,77.6928580,2.22,23.57,27.92,18.23,47.04,591.49
Dodda Nekkundi,2024,12.9725581,77.6928580,2.21,22.74,25.86,15.89,49.45,596.5
Dodda Nekkundi,2025,12.9725581,77.6928580,2.1,21.43,26.53,10.02,53.59,327.1
Dodda Nekkundi,2026,12.9725581,77.6928580,3.18,42.23,50.97,6.06,82.52,332.38
Doddabanahalli,2020,13.0271648,77.7473867,3.54,41.03,45.9,6.32,69.59,404.87
Doddabanahalli,2021,13.0271648,77.7473867,2.41,22.46,26.53,11.94,48.93,447.98
Doddabanahalli,2022,13.0271648,77.7473867,2.55,24.9,29.17,12.02,54.31,452.68
Doddabanahalli,2023,13.0271648,77.7473867,2.2,22.47,26.86,12.07,54.33,456.64
Doddabanahalli,2024,13.0271648,77.7473867,2.13,20.62,23.69,8.62,55.88,437.55
Doddabanahalli,2025,13.0271648,77.7473867,2.07,20.62,25.4,7.0,54.94,282.11
Doddabanahalli,2026,13.0271648,77.7473867,3.19,41.14,49.03,4.43,87.4,304.89
Domlur,2020,12.9624669,77.6381958,3.63,42.83,47.78,16.51,59.0,566.13
Domlur,2021,12.9624669,77.6381958,2.51,24.37,28.53,18.02,41.71,606.76
Domlur,2022,12.9624669,77.6381958,2.67,26.97,31.36,19.51,45.67,625.3
Domlur,2023,12.9624669,77.6381958,2.22,23.57,27.92,18.23,47.04,591.49
Domlur,2024,12.9624669,77.6381958,2.21,22.74,25.86,15.89,49.45,596.5
Domlur,2025,12.9624669,77.6381958,2.1,21.43,26.53,10.02,53.59,327.1
Domlur,2026,12.9624669,77.6381958,3.18,42.23,50.97,6.06,82.52,332.38
Dommasandra,2020,12.8777098,77.7534769,3.53,40.62,45.6,5.13,72.26,396.63
Dommasandra,2021,12.8777098,77.7534769,2.36,21.51,25.5,8.58,52.82,396.83
Dommasandra,2022,12.8777098,77.7534769,2.52,24.43,28.74,9.63,57.67,414.88
Dommasandra,2023,12.8777098,77.7534769,2.16,21.1,25.36,8.18,58.93,391.85
Dommasandra,2024,12.8777098,77.7534769,2.1,19.65,22.66,5.3,59.02,387.05
Dommasandra,2025,12.8777098,77.7534769,2.11,21.69,27.17,7.9,55.04,298.83
Dommasandra,2026,12.8777098,77.7534769,3.23,43.17,52.15,6.25,82.7,332.55
Ejipura,2020,12.9452450,77.6274776,3.63,42.83,47.78,16.51,59.0,566.13
Ejipura,2021,12.9452450,77.6274776,2.51,24.37,28.53,18.02,41.71,606.76
Ejipura,2022,12.9452450,77.6274776,2.67,26.97,31.36,19.51,45.67,625.3
Ejipura,2023,12.9452450,77.6274776,2.22,23.57,27.92,18.23,47.04,591.49
Ejipura,2024,12.9452450,77.6274776,2.21,22.74,25.86,15.89,49.45,596.5
Ejipura,2025,12.9452450,77.6274776,2.1,21.43,26.53,10.02,53.59,327.1
Ejipura,2026,12.9452450,77.6274776,3.18,42.23,50.97,6.06,82.52,332.38
Gali Anjaneya Temple Ward,2020,12.9558805,77.5366656,3.63,42.83,47.78,16.51,59.0,566.13
Gali Anjaneya Temple Ward,2021,12.9558805,77.5366656,2.51,24.37,28.53,18.02,41.71,606.76
Gali Anjaneya Temple Ward,2022,12.9558805,77.5366656,2.67,26.97,31.36,19.51,45.67,625.3
Gali Anjaneya Temple Ward,2023,12.9558805,77.5366656,2.22,23.57,27.92,18.23,47.04,591.49
Gali Anjaneya Temple Ward,2024,12.9558805,77.5366656,2.21,22.74,25.86,15.89,49.45,596.5
Gali Anjaneya Temple Ward,2025,12.9558805,77.5366656,2.1,21.43,26.53,10.02,53.59,327.1
Gali Anjaneya Temple Ward,2026,12.9558805,77.5366656,3.1,40.65,49.24,6.17,81.26,335.27
Gandhinagar,2020,12.9771534,77.5800313,3.63,42.83,47.78,16.51,59.0,566.13
Gandhinagar,2021,12.9771534,77.5800313,2.51,24.37,28.53,18.02,41.71,606.76
Gandhinagar,2022,12.9771534,77.5800313,2.67,26.97,31.36,19.51,45.67,625.3
Gandhinagar,2023,12.9771534,77.5800313,2.22,23.57,27.92,18.23,47.04,591.49
Gandhinagar,2024,12.9771534,77.5800313,2.21,22.74,25.86,15.89,49.45,596.5
Gandhinagar,2025,12.9771534,77.5800313,2.1,21.43,26.53,10.02,53.59,327.1
Gandhinagar,2026,12.9771534,77.5800313,3.1,40.65,49.24,6.17,81.26,335.27
Ganga Nagar,2020,13.0232471,77.5883569,3.63,42.83,47.78,16.51,59.0,566.13
Ganga Nagar,2021,13.0232471,77.5883569,2.51,24.37,28.53,18.02,41.71,606.76
Ganga Nagar,2022,13.0232471,77.5883569,2.67,26.97,31.36,19.51,45.67,625.3
Ganga Nagar,2023,13.0232471,77.5883569,2.22,23.57,27.92,18.23,47.04,591.49
Ganga Nagar,2024,13.0232471,77.5883569,2.21,22.74,25.86,15.89,49.45,596.5
Ganga Nagar,2025,13.0232471,77.5883569,2.1,21.43,26.53,10.02,53.59,327.1
Ganga Nagar,2026,13.0232471,77.5883569,3.11,39.04,46.66,4.75,86.43,313.87
Garudachar Palya,2020,12.9899098,77.7011259,3.54,41.03,45.9,6.32,69.59,404.87
Garudachar Palya,2021,12.9899098,77.7011259,2.41,22.46,26.53,11.94,48.93,447.98
Garudachar Palya,2022,12.9899098,77.7011259,2.55,24.9,29.17,12.02,54.31,452.68
Garudachar Palya,2023,12.9899098,77.7011259,2.2,22.47,26.86,12.07,54.33,456.64
Garudachar Palya,2024,12.9899098,77.7011259,2.13,20.62,23.69,8.62,55.88,437.55
Garudachar Palya,2025,12.9899098,77.7011259,2.07,20.62,25.4,7.0,54.94,282.11
Garudachar Palya,2026,12.9899098,77.7011259,3.2,42.92,51.69,5.79,83.49,325.56
Gavi Gangadhareshwara,2020,12.9482055,77.5629917,3.63,42.83,47.78,16.51,59.0,566.13
Gavi Gangadhareshwara,2021,12.9482055,77.5629917,2.51,24.37,28.53,18.02,41.71,606.76
Gavi Gangadhareshwara,2022,12.9482055,77.5629917,2.67,26.97,31.36,19.51,45.67,625.3
Gavi Gangadhareshwara,2023,12.9482055,77.5629917,2.22,23.57,27.92,18.23,47.04,591.49
Gavi Gangadhareshwara,2024,12.9482055,77.5629917,2.21,22.74,25.86,15.89,49.45,596.5
Gavi Gangadhareshwara,2025,12.9482055,77.5629917,2.1,21.43,26.53,10.02,53.59,327.1
Gavi Gangadhareshwara,2026,12.9482055,77.5629917,3.1,40.65,49.24,6.17,81.26,335.27
Govindaraja Nagar,2020,12.9755632,77.5367385,3.63,42.83,47.78,16.51,59.0,566.13
Govindaraja Nagar,2021,12.9755632,77.5367385,2.51,24.37,28.53,18.02,41.71,606.76
Govindaraja Nagar,2022,12.9755632,77.5367385,2.67,26.97,31.36,19.51,45.67,625.3
Govindaraja Nagar,2023,12.9755632,77.5367385,2.22,23.57,27.92,18.23,47.04,591.49
Govindaraja Nagar,2024,12.9755632,77.5367385,2.21,22.74,25.86,15.89,49.45,596.5
Govindaraja Nagar,2025,12.9755632,77.5367385,2.1,21.43,26.53,10.02,53.59,327.1
Govindaraja Nagar,2026,12.9755632,77.5367385,3.1,40.65,49.24,6.17,81.26,335.27
Gurappanapalya,2020,12.9195490,77.5999265,3.63,42.83,47.78,16.51,59.0,566.13
Gurappanapalya,2021,12.9195490,77.5999265,2.51,24.37,28.53,18.02,41.71,606.76
Gurappanapalya,2022,12.9195490,77.5999265,2.67,26.97,31.36,19.51,45.67,625.3
Gurappanapalya,2023,12.9195490,77.5999265,2.22,23.57,27.92,18.23,47.04,591.49
Gurappanapalya,2024,12.9195490,77.5999265,2.21,22.74,25.86,15.89,49.45,596.5
Gurappanapalya,2025,12.9195490,77.5999265,2.1,21.43,26.53,10.02,53.59,327.1
Gurappanapalya,2026,12.9195490,77.5999265,3.1,40.65,49.24,6.17,81.26,335.27
HAL Airport,2020,12.9514658,77.6706175,3.63,42.83,47.78,16.51,59.0,566.13
HAL Airport,2021,12.9514658,77.6706175,2.51,24.37,28.53,18.02,41.71,606.76
HAL Airport,2022,12.9514658,77.6706175,2.67,26.97,31.36,19.51,45.67,625.3
HAL Airport,2023,12.9514658,77.6706175,2.22,23.57,27.92,18.23,47.04,591.49
HAL Airport,2024,12.9514658,77.6706175,2.21,22.74,25.86,15.89,49.45,596.5
HAL Airport,2025,12.9514658,77.6706175,2.1,21.43,26.53,10.02,53.59,327.1
HAL Airport,2026,12.9514658,77.6706175,3.18,42.23,50.97,6.06,82.52,332.38
HBR Layout,2020,13.0319920,77.6280789,3.63,42.83,47.78,16.51,59.0,566.13
HBR Layout,2021,13.0319920,77.6280789,2.51,24.37,28.53,18.02,41.71,606.76
HBR Layout,2022,13.0319920,77.6280789,2.67,26.97,31.36,19.51,45.67,625.3
HBR Layout,2023,13.0319920,77.6280789,2.22,23.57,27.92,18.23,47.04,591.49
HBR Layout,2024,13.0319920,77.6280789,2.21,22.74,25.86,15.89,49.45,596.5
HBR Layout,2025,13.0319920,77.6280789,2.1,21.43,26.53,10.02,53.59,327.1
HBR Layout,2026,13.0319920,77.6280789,3.17,40.45,48.31,4.7,86.43,311.71
HSR Layout,2020,12.9116225,77.6388622,3.63,42.83,47.78,16.51,59.0,566.13
HSR Layout,2021,12.9116225,77.6388622,2.51,24.37,28.53,18.02,41.71,606.76
HSR Layout,2022,12.9116225,77.6388622,2.67,26.97,31.36,19.51,45.67,625.3
HSR Layout,2023,12.9116225,77.6388622,2.22,23.57,27.92,18.23,47.04,591.49
HSR Layout,2024,12.9116225,77.6388622,2.21,22.74,25.86,15.89,49.45,596.5
HSR Layout,2025,12.9116225,77.6388622,2.1,21.43,26.53,10.02,53.59,327.1
HSR Layout,2026,12.9116225,77.6388622,3.18,42.23,50.97,6.06,82.52,332.38
Halanayakanahalli,2020,12.8966653,77.6855489,3.52,40.0,44.97,9.73,67.51,449.97
Halanayakanahalli,2021,12.8966653,77.6855489,2.37,21.8,26.02,11.22,49.14,440.98
Halanayakanahalli,2022,12.8966653,77.6855489,2.57,24.93,29.54,13.43,52.21,476.15
Halanayakanahalli,2023,12.8966653,77.6855489,2.14,20.94,25.4,10.78,54.81,423.53
Halanayakanahalli,2024,12.8966653,77.6855489,2.11,20.04,23.26,8.4,55.66,429.81
Halanayakanahalli,2025,12.8966653,77.6855489,2.2,22.98,29.23,10.36,53.23,333.27
Halanayakanahalli,2026,12.8966653,77.6855489,3.19,42.53,51.53,6.57,81.51,340.56
Hampi Nagar,2020,12.9573229,77.5348705,3.63,42.83,47.78,16.51,59.0,566.13
Hampi Nagar,2021,12.9573229,77.5348705,2.51,24.37,28.53,18.02,41.71,606.76
Hampi Nagar,2022,12.9573229,77.5348705,2.67,26.97,31.36,19.51,45.67,625.3
Hampi Nagar,2023,12.9573229,77.5348705,2.22,23.57,27.92,18.23,47.04,591.49
Hampi Nagar,2024,12.9573229,77.5348705,2.21,22.74,25.86,15.89,49.45,596.5
Hampi Nagar,2025,12.9573229,77.5348705,2.1,21.43,26.53,10.02,53.59,327.1
Hampi Nagar,2026,12.9573229,77.5348705,3.1,40.65,49.24,6.17,81.26,335.27
Hebbal Kempapura,2020,13.0501940,77.6075951,3.63,42.83,47.78,16.51,59.0,566.13
Hebbal Kempapura,2021,13.0501940,77.6075951,2.51,24.37,28.53,18.02,41.71,606.76
Hebbal Kempapura,2022,13.0501940,77.6075951,2.67,26.97,31.36,19.51,45.67,625.3
Hebbal Kempapura,2023,13.0501940,77.6075951,2.22,23.57,27.92,18.23,47.04,591.49
Hebbal Kempapura,2024,13.0501940,77.6075951,2.21,22.74,25.86,15.89,49.45,596.5
Hebbal Kempapura,2025,13.0501940,77.6075951,2.1,21.43,26.53,10.02,53.59,327.1
Hebbal Kempapura,2026,13.0501940,77.6075951,3.17,40.45,48.31,4.7,86.43,311.71
Hebbala,2020,13.0388850,77.5896672,3.63,42.83,47.78,16.51,59.0,566.13
Hebbala,2021,13.0388850,77.5896672,2.51,24.37,28.53,18.02,41.71,606.76
Hebbala,2022,13.0388850,77.5896672,2.67,26.97,31.36,19.51,45.67,625.3
Hebbala,2023,13.0388850,77.5896672,2.22,23.57,27.92,18.23,47.04,591.49
Hebbala,2024,13.0388850,77.5896672,2.21,22.74,25.86,15.89,49.45,596.5
Hebbala,2025,13.0388850,77.5896672,2.1,21.43,26.53,10.02,53.59,327.1
Hebbala,2026,13.0388850,77.5896672,3.11,39.04,46.66,4.75,86.43,313.87
Hegganahalli,2020,13.0034737,77.5107376,3.63,42.83,47.78,16.51,59.0,566.13
Hegganahalli,2021,13.0034737,77.5107376,2.51,24.37,28.53,18.02,41.71,606.76
Hegganahalli,2022,13.0034737,77.5107376,2.67,26.97,31.36,19.51,45.67,625.3
Hegganahalli,2023,13.0034737,77.5107376,2.22,23.57,27.92,18.23,47.04,591.49
Hegganahalli,2024,13.0034737,77.5107376,2.21,22.74,25.86,15.89,49.45,596.5
Hegganahalli,2025,13.0034737,77.5107376,2.1,21.43,26.53,10.02,53.59,327.1
Hegganahalli,2026,13.0034737,77.5107376,3.11,39.04,46.66,4.75,86.43,313.87
Hemmigepura,2020,12.8819289,77.4854975,3.57,40.2,45.35,12.46,65.89,481.94
Hemmigepura,2021,12.8819289,77.4854975,2.35,21.11,25.27,9.94,50.2,415.78
Hemmigepura,2022,12.8819289,77.4854975,2.52,23.96,28.54,11.37,53.14,435.84
Hemmigepura,2023,12.8819289,77.4854975,2.12,20.09,24.48,9.17,55.26,398.18
Hemmigepura,2024,12.8819289,77.4854975,2.1,19.31,22.42,6.56,56.67,403.64
Hemmigepura,2025,12.8819289,77.4854975,2.29,24.5,31.62,12.2,51.33,362.24
Hemmigepura,2026,12.8819289,77.4854975,3.08,40.31,49.18,6.96,79.08,350.52
Hennur,2020,13.0370770,77.6413572,3.63,42.83,47.78,16.51,59.0,566.13
Hennur,2021,13.0370770,77.6413572,2.51,24.37,28.53,18.02,41.71,606.76
Hennur,2022,13.0370770,77.6413572,2.67,26.97,31.36,19.51,45.67,625.3
Hennur,2023,13.0370770,77.6413572,2.22,23.57,27.92,18.23,47.04,591.49
Hennur,2024,13.0370770,77.6413572,2.21,22.74,25.86,15.89,49.45,596.5
Hennur,2025,13.0370770,77.6413572,2.1,21.43,26.53,10.02,53.59,327.1
Hennur,2026,13.0370770,77.6413572,3.17,40.45,48.31,4.7,86.43,311.71
Herohalli,2020,12.9912345,77.4870119,3.64,43.73,48.71,19.64,58.61,622.72
Herohalli,2021,12.9912345,77.4870119,2.43,22.79,26.9,13.93,45.71,496.7
Herohalli,2022,12.9912345,77.4870119,2.58,25.0,29.32,14.52,49.81,502.24
Herohalli,2023,12.9912345,77.4870119,2.17,21.74,26.05,14.24,49.88,485.18
Herohalli,2024,12.9912345,77.4870119,2.17,21.06,24.12,10.89,53.5,483.84
Herohalli,2025,12.9912345,77.4870119,2.15,22.32,27.93,11.57,52.27,351.88
Herohalli,2026,12.9912345,77.4870119,3.06,39.96,48.52,6.42,80.31,341.71
Hirandahalli,2020,13.0409567,77.7254833,3.54,41.03,45.9,6.32,69.59,404.87
Hirandahalli,2021,13.0409567,77.7254833,2.41,22.46,26.53,11.94,48.93,447.98
Hirandahalli,2022,13.0409567,77.7254833,2.55,24.9,29.17,12.02,54.31,452.68
Hirandahalli,2023,13.0409567,77.7254833,2.2,22.47,26.86,12.07,54.33,456.64
Hirandahalli,2024,13.0409567,77.7254833,2.13,20.62,23.69,8.62,55.88,437.55
Hirandahalli,2025,13.0409567,77.7254833,2.07,20.62,25.4,7.0,54.94,282.11
Hirandahalli,2026,13.0409567,77.7254833,3.19,41.14,49.03,4.43,87.4,304.89
Hombegowda Nagar,2020,12.9301311,77.6012969,3.63,42.83,47.78,16.51,59.0,566.13
Hombegowda Nagar,2021,12.9301311,77.6012969,2.51,24.37,28.53,18.02,41.71,606.76
Hombegowda Nagar,2022,12.9301311,77.6012969,2.67,26.97,31.36,19.51,45.67,625.3
Hombegowda Nagar,2023,12.9301311,77.6012969,2.22,23.57,27.92,18.23,47.04,591.49
Hombegowda Nagar,2024,12.9301311,77.6012969,2.21,22.74,25.86,15.89,49.45,596.5
Hombegowda Nagar,2025,12.9301311,77.6012969,2.1,21.43,26.53,10.02,53.59,327.1
Hombegowda Nagar,2026,12.9301311,77.6012969,3.18,42.23,50.97,6.06,82.52,332.38
Hongasandra,2020,12.8986261,77.6286732,3.52,40.0,44.97,9.73,67.51,449.97
Hongasandra,2021,12.8986261,77.6286732,2.37,21.8,26.02,11.22,49.14,440.98
Hongasandra,2022,12.8986261,77.6286732,2.57,24.93,29.54,13.43,52.21,476.15
Hongasandra,2023,12.8986261,77.6286732,2.14,20.94,25.4,10.78,54.81,423.53
Hongasandra,2024,12.8986261,77.6286732,2.11,20.04,23.26,8.4,55.66,429.81
Hongasandra,2025,12.8986261,77.6286732,2.2,22.98,29.23,10.36,53.23,333.27
Hongasandra,2026,12.8986261,77.6286732,3.19,42.53,51.53,6.57,81.51,340.56
Hoovinane,2020,13.0476492,77.7072942,3.54,41.03,45.9,6.32,69.59,404.87
Hoovinane,2021,13.0476492,77.7072942,2.41,22.46,26.53,11.94,48.93,447.98
Hoovinane,2022,13.0476492,77.7072942,2.55,24.9,29.17,12.02,54.31,452.68
Hoovinane,2023,13.0476492,77.7072942,2.2,22.47,26.86,12.07,54.33,456.64
Hoovinane,2024,13.0476492,77.7072942,2.13,20.62,23.69,8.62,55.88,437.55
Hoovinane,2025,13.0476492,77.7072942,2.07,20.62,25.4,7.0,54.94,282.11
Hoovinane,2026,13.0476492,77.7072942,3.19,41.14,49.03,4.43,87.4,304.89
Horamavu,2020,13.0273312,77.6601508,3.63,42.83,47.78,16.51,59.0,566.13
Horamavu,2021,13.0273312,77.6601508,2.51,24.37,28.53,18.02,41.71,606.76
Horamavu,2022,13.0273312,77.6601508,2.67,26.97,31.36,19.51,45.67,625.3
Horamavu,2023,13.0273312,77.6601508,2.22,23.57,27.92,18.23,47.04,591.49
Horamavu,2024,13.0273312,77.6601508,2.21,22.74,25.86,15.89,49.45,596.5
Horamavu,2025,13.0273312,77.6601508,2.1,21.43,26.53,10.02,53.59,327.1
Horamavu,2026,13.0273312,77.6601508,3.17,40.45,48.31,4.7,86.43,311.71
Hosahalli,2020,12.9660431,77.5414979,3.63,42.83,47.78,16.51,59.0,566.13
Hosahalli,2021,12.9660431,77.5414979,2.51,24.37,28.53,18.02,41.71,606.76
Hosahalli,2022,12.9660431,77.5414979,2.67,26.97,31.36,19.51,45.67,625.3
Hosahalli,2023,12.9660431,77.5414979,2.22,23.57,27.92,18.23,47.04,591.49
Hosahalli,2024,12.9660431,77.5414979,2.21,22.74,25.86,15.89,49.45,596.5
Hosahalli,2025,12.9660431,77.5414979,2.1,21.43,26.53,10.02,53.59,327.1
Hosahalli,2026,12.9660431,77.5414979,3.1,40.65,49.24,6.17,81.26,335.27
Hosakerehalli,2020,12.9299371,77.5374237,3.63,42.83,47.78,16.51,59.0,566.13
Hosakerehalli,2021,12.9299371,77.5374237,2.51,24.37,28.53,18.02,41.71,606.76
Hosakerehalli,2022,12.9299371,77.5374237,2.67,26.97,31.36,19.51,45.67,625.3
Hosakerehalli,2023,12.9299371,77.5374237,2.22,23.57,27.92,18.23,47.04,591.49
Hosakerehalli,2024,12.9299371,77.5374237,2.21,22.74,25.86,15.89,49.45,596.5
Hosakerehalli,2025,12.9299371,77.5374237,2.1,21.43,26.53,10.02,53.59,327.1
Hosakerehalli,2026,12.9299371,77.5374237,3.1,40.65,49.24,6.17,81.26,335.27
Hoysala Nagar,2020,12.9802093,77.6273767,3.63,42.83,47.78,16.51,59.0,566.13
Hoysala Nagar,2021,12.9802093,77.6273767,2.51,24.37,28.53,18.02,41.71,606.76
Hoysala Nagar,2022,12.9802093,77.6273767,2.67,26.97,31.36,19.51,45.67,625.3
Hoysala Nagar,2023,12.9802093,77.6273767,2.22,23.57,27.92,18.23,47.04,591.49
Hoysala Nagar,2024,12.9802093,77.6273767,2.21,22.74,25.86,15.89,49.45,596.5
Hoysala Nagar,2025,12.9802093,77.6273767,2.1,21.43,26.53,10.02,53.59,327.1
Hoysala Nagar,2026,12.9802093,77.6273767,3.18,42.23,50.97,6.06,82.52,332.38
J P Nagar,2020,12.9109539,77.5978198,3.63,42.83,47.78,16.51,59.0,566.13
J P Nagar,2021,12.9109539,77.5978198,2.51,24.37,28.53,18.02,41.71,606.76
J P Nagar,2022,12.9109539,77.5978198,2.67,26.97,31.36,19.51,45.67,625.3
J P Nagar,2023,12.9109539,77.5978198,2.22,23.57,27.92,18.23,47.04,591.49
J P Nagar,2024,12.9109539,77.5978198,2.21,22.74,25.86,15.89,49.45,596.5
J P Nagar,2025,12.9109539,77.5978198,2.1,21.43,26.53,10.02,53.59,327.1
J P Nagar,2026,12.9109539,77.5978198,3.1,40.65,49.24,6.17,81.26,335.27
JP Park,2020,12.9808830,77.5759920,3.63,42.83,47.78,16.51,59.0,566.13
JP Park,2021,12.9808830,77.5759920,2.51,24.37,28.53,18.02,41.71,606.76
JP Park,2022,12.9808830,77.5759920,2.67,26.97,31.36,19.51,45.67,625.3
JP Park,2023,12.9808830,77.5759920,2.22,23.57,27.92,18.23,47.04,591.49
JP Park,2024,12.9808830,77.5759920,2.21,22.74,25.86,15.89,49.45,596.5
JP Park,2025,12.9808830,77.5759920,2.1,21.43,26.53,10.02,53.59,327.1
JP Park,2026,12.9808830,77.5759920,3.1,40.65,49.24,6.17,81.26,335.27
Jakkasandra,2020,12.9206827,77.6357104,3.63,42.83,47.78,16.51,59.0,566.13
Jakkasandra,2021,12.9206827,77.6357104,2.51,24.37,28.53,18.02,41.71,606.76
Jakkasandra,2022,12.9206827,77.6357104,2.67,26.97,31.36,19.51,45.67,625.3
Jakkasandra,2023,12.9206827,77.6357104,2.22,23.57,27.92,18.23,47.04,591.49
Jakkasandra,2024,12.9206827,77.6357104,2.21,22.74,25.86,15.89,49.45,596.5
Jakkasandra,2025,12.9206827,77.6357104,2.1,21.43,26.53,10.02,53.59,327.1
Jakkasandra,2026,12.9206827,77.6357104,3.18,42.23,50.97,6.06,82.52,332.38
Jalahalli,2020,13.0394104,77.5197351,3.63,42.83,47.78,16.51,59.0,566.13
Jalahalli,2021,13.0394104,77.5197351,2.51,24.37,28.53,18.02,41.71,606.76
Jalahalli,2022,13.0394104,77.5197351,2.67,26.97,31.36,19.51,45.67,625.3
Jalahalli,2023,13.0394104,77.5197351,2.22,23.57,27.92,18.23,47.04,591.49
Jalahalli,2024,13.0394104,77.5197351,2.21,22.74,25.86,15.89,49.45,596.5
Jalahalli,2025,13.0394104,77.5197351,2.1,21.43,26.53,10.02,53.59,327.1
Jalahalli,2026,13.0394104,77.5197351,3.11,39.04,46.66,4.75,86.43,313.87
Jaraganahalli,2020,12.8987896,77.5776273,3.52,40.0,44.97,9.73,67.51,449.97
Jaraganahalli,2021,12.8987896,77.5776273,2.37,21.8,26.02,11.22,49.14,440.98
Jaraganahalli,2022,12.8987896,77.5776273,2.57,24.93,29.54,13.43,52.21,476.15
Jaraganahalli,2023,12.8987896,77.5776273,2.14,20.94,25.4,10.78,54.81,423.53
Jaraganahalli,2024,12.8987896,77.5776273,2.11,20.04,23.26,8.4,55.66,429.81
Jaraganahalli,2025,12.8987896,77.5776273,2.2,22.98,29.23,10.36,53.23,333.27
Jaraganahalli,2026,12.8987896,77.5776273,3.1,40.95,49.8,6.67,80.25,343.45
Jayachamarajendra Nagar,2020,12.9661732,77.5873718,3.63,42.83,47.78,16.51,59.0,566.13
Jayachamarajendra Nagar,2021,12.9661732,77.5873718,2.51,24.37,28.53,18.02,41.71,606.76
Jayachamarajendra Nagar,2022,12.9661732,77.5873718,2.67,26.97,31.36,19.51,45.67,625.3
Jayachamarajendra Nagar,2023,12.9661732,77.5873718,2.22,23.57,27.92,18.23,47.04,591.49
Jayachamarajendra Nagar,2024,12.9661732,77.5873718,2.21,22.74,25.86,15.89,49.45,596.5
Jayachamarajendra Nagar,2025,12.9661732,77.5873718,2.1,21.43,26.53,10.02,53.59,327.1
Jayachamarajendra Nagar,2026,12.9661732,77.5873718,3.1,40.65,49.24,6.17,81.26,335.27
Jayanagar East,2020,12.9211491,77.6054615,3.63,42.83,47.78,16.51,59.0,566.13
Jayanagar East,2021,12.9211491,77.6054615,2.51,24.37,28.53,18.02,41.71,606.76
Jayanagar East,2022,12.9211491,77.6054615,2.67,26.97,31.36,19.51,45.67,625.3
Jayanagar East,2023,12.9211491,77.6054615,2.22,23.57,27.92,18.23,47.04,591.49
Jayanagar East,2024,12.9211491,77.6054615,2.21,22.74,25.86,15.89,49.45,596.5
Jayanagar East,2025,12.9211491,77.6054615,2.1,21.43,26.53,10.02,53.59,327.1
Jayanagar East,2026,12.9211491,77.6054615,3.18,42.23,50.97,6.06,82.52,332.38
Jnana Bharathi Ward,2020,12.9440159,77.5080049,3.63,42.83,47.78,16.51,59.0,566.13
Jnana Bharathi Ward,2021,12.9440159,77.5080049,2.51,24.37,28.53,18.02,41.71,606.76
Jnana Bharathi Ward,2022,12.9440159,77.5080049,2.67,26.97,31.36,19.51,45.67,625.3
Jnana Bharathi Ward,2023,12.9440159,77.5080049,2.22,23.57,27.92,18.23,47.04,591.49
Jnana Bharathi Ward,2024,12.9440159,77.5080049,2.21,22.74,25.86,15.89,49.45,596.5
Jnana Bharathi Ward,2025,12.9440159,77.5080049,2.1,21.43,26.53,10.02,53.59,327.1
Jnana Bharathi Ward,2026,12.9440159,77.5080049,3.1,40.65,49.24,6.17,81.26,335.27
Jogupalya,2020,12.9746882,77.6280260,3.63,42.83,47.78,16.51,59.0,566.13
Jogupalya,2021,12.9746882,77.6280260,2.51,24.37,28.53,18.02,41.71,606.76
Jogupalya,2022,12.9746882,77.6280260,2.67,26.97,31.36,19.51,45.67,625.3
Jogupalya,2023,12.9746882,77.6280260,2.22,23.57,27.92,18.23,47.04,591.49
Jogupalya,2024,12.9746882,77.6280260,2.21,22.74,25.86,15.89,49.45,596.5
Jogupalya,2025,12.9746882,77.6280260,2.1,21.43,26.53,10.02,53.59,327.1
Jogupalya,2026,12.9746882,77.6280260,3.18,42.23,50.97,6.06,82.52,332.38
K R Market,2020,12.9608960,77.5746404,3.63,42.83,47.78,16.51,59.0,566.13
K R Market,2021,12.9608960,77.5746404,2.51,24.37,28.53,18.02,41.71,606.76
K R Market,2022,12.9608960,77.5746404,2.67,26.97,31.36,19.51,45.67,625.3
K R Market,2023,12.9608960,77.5746404,2.22,23.57,27.92,18.23,47.04,591.49
K R Market,2024,12.9608960,77.5746404,2.21,22.74,25.86,15.89,49.45,596.5
K R Market,2025,12.9608960,77.5746404,2.1,21.43,26.53,10.02,53.59,327.1
K R Market,2026,12.9608960,77.5746404,3.1,40.65,49.24,6.17,81.26,335.27
K R Puram,2020,13.0005461,77.6754561,3.63,42.83,47.78,16.51,59.0,566.13
K R Puram,2021,13.0005461,77.6754561,2.51,24.37,28.53,18.02,41.71,606.76
K R Puram,2022,13.0005461,77.6754561,2.67,26.97,31.36,19.51,45.67,625.3
K R Puram,2023,13.0005461,77.6754561,2.22,23.57,27.92,18.23,47.04,591.49
K R Puram,2024,13.0005461,77.6754561,2.21,22.74,25.86,15.89,49.45,596.5
K R Puram,2025,13.0005461,77.6754561,2.1,21.43,26.53,10.02,53.59,327.1
K R Puram,2026,13.0005461,77.6754561,3.17,40.45,48.31,4.7,86.43,311.71
Kachamaranahalli,2020,12.9046015,77.7337528,3.54,41.03,45.9,6.32,69.59,404.87
Kachamaranahalli,2021,12.9046015,77.7337528,2.41,22.46,26.53,11.94,48.93,447.98
Kachamaranahalli,2022,12.9046015,77.7337528,2.55,24.9,29.17,12.02,54.31,452.68
Kachamaranahalli,2023,12.9046015,77.7337528,2.2,22.47,26.86,12.07,54.33,456.64
Kachamaranahalli,2024,12.9046015,77.7337528,2.13,20.62,23.69,8.62,55.88,437.55
Kachamaranahalli,2025,12.9046015,77.7337528,2.07,20.62,25.4,7.0,54.94,282.11
Kachamaranahalli,2026,12.9046015,77.7337528,3.2,42.92,51.69,5.79,83.49,325.56
Kadugodi,2020,12.9957428,77.7579489,3.54,41.03,45.9,6.32,69.59,404.87
Kadugodi,2021,12.9957428,77.7579489,2.41,22.46,26.53,11.94,48.93,447.98
Kadugodi,2022,12.9957428,77.7579489,2.55,24.9,29.17,12.02,54.31,452.68
Kadugodi,2023,12.9957428,77.7579489,2.2,22.47,26.86,12.07,54.33,456.64
Kadugodi,2024,12.9957428,77.7579489,2.13,20.62,23.69,8.62,55.88,437.55
Kadugodi,2025,12.9957428,77.7579489,2.07,20.62,25.4,7.0,54.94,282.11
Kadugodi,2026,12.9957428,77.7579489,3.2,42.92,51.69,5.79,83.49,325.56
Kadugondanahalli,2020,13.0207029,77.6215464,3.63,42.83,47.78,16.51,59.0,566.13
Kadugondanahalli,2021,13.0207029,77.6215464,2.51,24.37,28.53,18.02,41.71,606.76
Kadugondanahalli,2022,13.0207029,77.6215464,2.67,26.97,31.36,19.51,45.67,625.3
Kadugondanahalli,2023,13.0207029,77.6215464,2.22,23.57,27.92,18.23,47.04,591.49
Kadugondanahalli,2024,13.0207029,77.6215464,2.21,22.74,25.86,15.89,49.45,596.5
Kadugondanahalli,2025,13.0207029,77.6215464,2.1,21.43,26.53,10.02,53.59,327.1
Kadugondanahalli,2026,13.0207029,77.6215464,3.17,40.45,48.31,4.7,86.43,311.71
Kalkere,2020,13.0344453,77.6766779,3.63,42.83,47.78,16.51,59.0,566.13
Kalkere,2021,13.0344453,77.6766779,2.51,24.37,28.53,18.02,41.71,606.76
Kalkere,2022,13.0344453,77.6766779,2.67,26.97,31.36,19.51,45.67,625.3
Kalkere,2023,13.0344453,77.6766779,2.22,23.57,27.92,18.23,47.04,591.49
Kalkere,2024,13.0344453,77.6766779,2.21,22.74,25.86,15.89,49.45,596.5
Kalkere,2025,13.0344453,77.6766779,2.1,21.43,26.53,10.02,53.59,327.1
Kalkere,2026,13.0344453,77.6766779,3.17,40.45,48.31,4.7,86.43,311.71
Kamakshipalya,2020,12.9858669,77.5331755,3.63,42.83,47.78,16.51,59.0,566.13
Kamakshipalya,2021,12.9858669,77.5331755,2.51,24.37,28.53,18.02,41.71,606.76
Kamakshipalya,2022,12.9858669,77.5331755,2.67,26.97,31.36,19.51,45.67,625.3
Kamakshipalya,2023,12.9858669,77.5331755,2.22,23.57,27.92,18.23,47.04,591.49
Kamakshipalya,2024,12.9858669,77.5331755,2.21,22.74,25.86,15.89,49.45,596.5
Kamakshipalya,2025,12.9858669,77.5331755,2.1,21.43,26.53,10.02,53.59,327.1
Kamakshipalya,2026,12.9858669,77.5331755,3.1,40.65,49.24,6.17,81.26,335.27
Kammanahalli,2020,13.0148544,77.6382029,3.63,42.83,47.78,16.51,59.0,566.13
Kammanahalli,2021,13.0148544,77.6382029,2.51,24.37,28.53,18.02,41.71,606.76
Kammanahalli,2022,13.0148544,77.6382029,2.67,26.97,31.36,19.51,45.67,625.3
Kammanahalli,2023,13.0148544,77.6382029,2.22,23.57,27.92,18.23,47.04,591.49
Kammanahalli,2024,13.0148544,77.6382029,2.21,22.74,25.86,15.89,49.45,596.5
Kammanahalli,2025,13.0148544,77.6382029,2.1,21.43,26.53,10.02,53.59,327.1
Kammanahalli,2026,13.0148544,77.6382029,3.17,40.45,48.31,4.7,86.43,311.71
Katriguppe,2020,12.9280952,77.5488835,3.63,42.83,47.78,16.51,59.0,566.13
Katriguppe,2021,12.9280952,77.5488835,2.51,24.37,28.53,18.02,41.71,606.76
Katriguppe,2022,12.9280952,77.5488835,2.67,26.97,31.36,19.51,45.67,625.3
Katriguppe,2023,12.9280952,77.5488835,2.22,23.57,27.92,18.23,47.04,591.49
Katriguppe,2024,12.9280952,77.5488835,2.21,22.74,25.86,15.89,49.45,596.5
Katriguppe,2025,12.9280952,77.5488835,2.1,21.43,26.53,10.02,53.59,327.1
Katriguppe,2026,12.9280952,77.5488835,3.1,40.65,49.24,6.17,81.26,335.27
Kaveripura,2020,12.9817285,77.5261989,3.63,42.83,47.78,16.51,59.0,566.13
Kaveripura,2021,12.9817285,77.5261989,2.51,24.37,28.53,18.02,41.71,606.76
Kaveripura,2022,12.9817285,77.5261989,2.67,26.97,31.36,19.51,45.67,625.3
Kaveripura,2023,12.9817285,77.5261989,2.22,23.57,27.92,18.23,47.04,591.49
Kaveripura,2024,12.9817285,77.5261989,2.21,22.74,25.86,15.89,49.45,596.5
Kaveripura,2025,12.9817285,77.5261989,2.1,21.43,26.53,10.02,53.59,327.1
Kaveripura,2026,12.9817285,77.5261989,3.1,40.65,49.24,6.17,81.26,335.27
Kempapura Agrahara,2020,12.9706228,77.5553763,3.63,42.83,47.78,16.51,59.0,566.13
Kempapura Agrahara,2021,12.9706228,77.5553763,2.51,24.37,28.53,18.02,41.71,606.76
Kempapura Agrahara,2022,12.9706228,77.5553763,2.67,26.97,31.36,19.51,45.67,625.3
Kempapura Agrahara,2023,12.9706228,77.5553763,2.22,23.57,27.92,18.23,47.04,591.49
Kempapura Agrahara,2024,12.9706228,77.5553763,2.21,22.74,25.86,15.89,49.45,596.5
Kempapura Agrahara,2025,12.9706228,77.5553763,2.1,21.43,26.53,10.02,53.59,327.1
Kempapura Agrahara,2026,12.9706228,77.5553763,3.1,40.65,49.24,6.17,81.26,335.27
Kitthaganur,2020,13.0367865,77.7111553,3.54,41.03,45.9,6.32,69.59,404.87
Kitthaganur,2021,13.0367865,77.7111553,2.41,22.46,26.53,11.94,48.93,447.98
Kitthaganur,2022,13.0367865,77.7111553,2.55,24.9,29.17,12.02,54.31,452.68
Kitthaganur,2023,13.0367865,77.7111553,2.2,22.47,26.86,12.07,54.33,456.64
Kitthaganur,2024,13.0367865,77.7111553,2.13,20.62,23.69,8.62,55.88,437.55
Kitthaganur,2025,13.0367865,77.7111553,2.07,20.62,25.4,7.0,54.94,282.11
Kitthaganur,2026,13.0367865,77.7111553,3.19,41.14,49.03,4.43,87.4,304.89
Kodichikkanahalli,2020,12.8966996,77.6124269,3.52,40.0,44.97,9.73,67.51,449.97
Kodichikkanahalli,2021,12.8966996,77.6124269,2.37,21.8,26.02,11.22,49.14,440.98
Kodichikkanahalli,2022,12.8966996,77.6124269,2.57,24.93,29.54,13.43,52.21,476.15
Kodichikkanahalli,2023,12.8966996,77.6124269,2.14,20.94,25.4,10.78,54.81,423.53
Kodichikkanahalli,2024,12.8966996,77.6124269,2.11,20.04,23.26,8.4,55.66,429.81
Kodichikkanahalli,2025,12.8966996,77.6124269,2.2,22.98,29.23,10.36,53.23,333.27
Kodichikkanahalli,2026,12.8966996,77.6124269,3.19,42.53,51.53,6.57,81.51,340.56
Kodigehalli,2020,13.0031666,77.7272835,3.54,41.03,45.9,6.32,69.59,404.87
Kodigehalli,2021,13.0031666,77.7272835,2.41,22.46,26.53,11.94,48.93,447.98
Kodigehalli,2022,13.0031666,77.7272835,2.55,24.9,29.17,12.02,54.31,452.68
Kodigehalli,2023,13.0031666,77.7272835,2.2,22.47,26.86,12.07,54.33,456.64
Kodigehalli,2024,13.0031666,77.7272835,2.13,20.62,23.69,8.62,55.88,437.55
Kodigehalli,2025,13.0031666,77.7272835,2.07,20.62,25.4,7.0,54.94,282.11
Kodigehalli,2026,13.0031666,77.7272835,3.19,41.14,49.03,4.43,87.4,304.89
Konena Agrahara,2020,12.9528903,77.6511294,3.63,42.83,47.78,16.51,59.0,566.13
Konena Agrahara,2021,12.9528903,77.6511294,2.51,24.37,28.53,18.02,41.71,606.76
Konena Agrahara,2022,12.9528903,77.6511294,2.67,26.97,31.36,19.51,45.67,625.3
Konena Agrahara,2023,12.9528903,77.6511294,2.22,23.57,27.92,18.23,47.04,591.49
Konena Agrahara,2024,12.9528903,77.6511294,2.21,22.74,25.86,15.89,49.45,596.5
Konena Agrahara,2025,12.9528903,77.6511294,2.1,21.43,26.53,10.02,53.59,327.1
Konena Agrahara,2026,12.9528903,77.6511294,3.18,42.23,50.97,6.06,82.52,332.38
Koramangala,2020,12.9357366,77.6240810,3.63,42.83,47.78,16.51,59.0,566.13
Koramangala,2021,12.9357366,77.6240810,2.51,24.37,28.53,18.02,41.71,606.76
Koramangala,2022,12.9357366,77.6240810,2.67,26.97,31.36,19.51,45.67,625.3
Koramangala,2023,12.9357366,77.6240810,2.22,23.57,27.92,18.23,47.04,591.49
Koramangala,2024,12.9357366,77.6240810,2.21,22.74,25.86,15.89,49.45,596.5
Koramangala,2025,12.9357366,77.6240810,2.1,21.43,26.53,10.02,53.59,327.1
Koramangala,2026,12.9357366,77.6240810,3.18,42.23,50.97,6.06,82.52,332.38
Kottegepalya,2020,12.9841220,77.5150361,3.63,42.83,47.78,16.51,59.0,566.13
Kottegepalya,2021,12.9841220,77.5150361,2.51,24.37,28.53,18.02,41.71,606.76
Kottegepalya,2022,12.9841220,77.5150361,2.67,26.97,31.36,19.51,45.67,625.3
Kottegepalya,2023,12.9841220,77.5150361,2.22,23.57,27.92,18.23,47.04,591.49
Kottegepalya,2024,12.9841220,77.5150361,2.21,22.74,25.86,15.89,49.45,596.5
Kottegepalya,2025,12.9841220,77.5150361,2.1,21.43,26.53,10.02,53.59,327.1
Kottegepalya,2026,12.9841220,77.5150361,3.1,40.65,49.24,6.17,81.26,335.27
Kumaraswamy Layout,2020,12.9150398,77.5678879,3.63,42.83,47.78,16.51,59.0,566.13
Kumaraswamy Layout,2021,12.9150398,77.5678879,2.51,24.37,28.53,18.02,41.71,606.76
Kumaraswamy Layout,2022,12.9150398,77.5678879,2.67,26.97,31.36,19.51,45.67,625.3
Kumaraswamy Layout,2023,12.9150398,77.5678879,2.22,23.57,27.92,18.23,47.04,591.49
Kumaraswamy Layout,2024,12.9150398,77.5678879,2.21,22.74,25.86,15.89,49.45,596.5
Kumaraswamy Layout,2025,12.9150398,77.5678879,2.1,21.43,26.53,10.02,53.59,327.1
Kumaraswamy Layout,2026,12.9150398,77.5678879,3.1,40.65,49.24,6.17,81.26,335.27
Kurudusonnenahalli,2020,13.0151097,77.7328497,3.54,41.03,45.9,6.32,69.59,404.87
Kurudusonnenahalli,2021,13.0151097,77.7328497,2.41,22.46,26.53,11.94,48.93,447.98
Kurudusonnenahalli,2022,13.0151097,77.7328497,2.55,24.9,29.17,12.02,54.31,452.68
Kurudusonnenahalli,2023,13.0151097,77.7328497,2.2,22.47,26.86,12.07,54.33,456.64
Kurudusonnenahalli,2024,13.0151097,77.7328497,2.13,20.62,23.69,8.62,55.88,437.55
Kurudusonnenahalli,2025,13.0151097,77.7328497,2.07,20.62,25.4,7.0,54.94,282.11
Kurudusonnenahalli,2026,13.0151097,77.7328497,3.19,41.14,49.03,4.43,87.4,304.89
Kushal Nagar,2020,13.0108546,77.6144243,3.63,42.83,47.78,16.51,59.0,566.13
Kushal Nagar,2021,13.0108546,77.6144243,2.51,24.37,28.53,18.02,41.71,606.76
Kushal Nagar,2022,13.0108546,77.6144243,2.67,26.97,31.36,19.51,45.67,625.3
Kushal Nagar,2023,13.0108546,77.6144243,2.22,23.57,27.92,18.23,47.04,591.49
Kushal Nagar,2024,13.0108546,77.6144243,2.21,22.74,25.86,15.89,49.45,596.5
Kushal Nagar,2025,13.0108546,77.6144243,2.1,21.43,26.53,10.02,53.59,327.1
Kushal Nagar,2026,13.0108546,77.6144243,3.17,40.45,48.31,4.7,86.43,311.71
Laggere,2020,13.0108677,77.5207301,3.63,42.83,47.78,16.51,59.0,566.13
Laggere,2021,13.0108677,77.5207301,2.51,24.37,28.53,18.02,41.71,606.76
Laggere,2022,13.0108677,77.5207301,2.67,26.97,31.36,19.51,45.67,625.3
Laggere,2023,13.0108677,77.5207301,2.22,23.57,27.92,18.23,47.04,591.49
Laggere,2024,13.0108677,77.5207301,2.21,22.74,25.86,15.89,49.45,596.5
Laggere,2025,13.0108677,77.5207301,2.1,21.43,26.53,10.02,53.59,327.1
Laggere,2026,13.0108677,77.5207301,3.11,39.04,46.66,4.75,86.43,313.87
Lakkasandra,2020,12.9381829,77.6002563,3.63,42.83,47.78,16.51,59.0,566.13
Lakkasandra,2021,12.9381829,77.6002563,2.51,24.37,28.53,18.02,41.71,606.76
Lakkasandra,2022,12.9381829,77.6002563,2.67,26.97,31.36,19.51,45.67,625.3
Lakkasandra,2023,12.9381829,77.6002563,2.22,23.57,27.92,18.23,47.04,591.49
Lakkasandra,2024,12.9381829,77.6002563,2.21,22.74,25.86,15.89,49.45,596.5
Lakkasandra,2025,12.9381829,77.6002563,2.1,21.43,26.53,10.02,53.59,327.1
Lakkasandra,2026,12.9381829,77.6002563,3.18,42.23,50.97,6.06,82.52,332.38
Lingarajapura,2020,13.0093949,77.6267881,3.63,42.83,47.78,16.51,59.0,566.13
Lingarajapura,2021,13.0093949,77.6267881,2.51,24.37,28.53,18.02,41.71,606.76
Lingarajapura,2022,13.0093949,77.6267881,2.67,26.97,31.36,19.51,45.67,625.3
Lingarajapura,2023,13.0093949,77.6267881,2.22,23.57,27.92,18.23,47.04,591.49
Lingarajapura,2024,13.0093949,77.6267881,2.21,22.74,25.86,15.89,49.45,596.5
Lingarajapura,2025,13.0093949,77.6267881,2.1,21.43,26.53,10.02,53.59,327.1
Lingarajapura,2026,13.0093949,77.6267881,3.17,40.45,48.31,4.7,86.43,311.71
Madivala,2020,12.9214542,77.6211213,3.63,42.83,47.78,16.51,59.0,566.13
Madivala,2021,12.9214542,77.6211213,2.51,24.37,28.53,18.02,41.71,606.76
Madivala,2022,12.9214542,77.6211213,2.67,26.97,31.36,19.51,45.67,625.3
Madivala,2023,12.9214542,77.6211213,2.22,23.57,27.92,18.23,47.04,591.49
Madivala,2024,12.9214542,77.6211213,2.21,22.74,25.86,15.89,49.45,596.5
Madivala,2025,12.9214542,77.6211213,2.1,21.43,26.53,10.02,53.59,327.1
Madivala,2026,12.9214542,77.6211213,3.18,42.23,50.97,6.06,82.52,332.38
Mahalakshmipuram,2020,13.0095381,77.5424596,3.63,42.83,47.78,16.51,59.0,566.13
Mahalakshmipuram,2021,13.0095381,77.5424596,2.51,24.37,28.53,18.02,41.71,606.76
Mahalakshmipuram,2022,13.0095381,77.5424596,2.67,26.97,31.36,19.51,45.67,625.3
Mahalakshmipuram,2023,13.0095381,77.5424596,2.22,23.57,27.92,18.23,47.04,591.49
Mahalakshmipuram,2024,13.0095381,77.5424596,2.21,22.74,25.86,15.89,49.45,596.5
Mahalakshmipuram,2025,13.0095381,77.5424596,2.1,21.43,26.53,10.02,53.59,327.1
Mahalakshmipuram,2026,13.0095381,77.5424596,3.11,39.04,46.66,4.75,86.43,313.87
Mallasandra,2020,13.0548302,77.5155741,3.63,42.83,47.78,16.51,59.0,566.13
Mallasandra,2021,13.0548302,77.5155741,2.51,24.37,28.53,18.02,41.71,606.76
Mallasandra,2022,13.0548302,77.5155741,2.67,26.97,31.36,19.51,45.67,625.3
Mallasandra,2023,13.0548302,77.5155741,2.22,23.57,27.92,18.23,47.04,591.49
Mallasandra,2024,13.0548302,77.5155741,2.21,22.74,25.86,15.89,49.45,596.5
Mallasandra,2025,13.0548302,77.5155741,2.1,21.43,26.53,10.02,53.59,327.1
Mallasandra,2026,13.0548302,77.5155741,3.11,39.04,46.66,4.75,86.43,313.87
Malleswaram,2020,13.0027353,77.5703253,3.63,42.83,47.78,16.51,59.0,566.13
Malleswaram,2021,13.0027353,77.5703253,2.51,24.37,28.53,18.02,41.71,606.76
Malleswaram,2022,13.0027353,77.5703253,2.67,26.97,31.36,19.51,45.67,625.3
Malleswaram,2023,13.0027353,77.5703253,2.22,23.57,27.92,18.23,47.04,591.49
Malleswaram,2024,13.0027353,77.5703253,2.21,22.74,25.86,15.89,49.45,596.5
Malleswaram,2025,13.0027353,77.5703253,2.1,21.43,26.53,10.02,53.59,327.1
Malleswaram,2026,13.0027353,77.5703253,3.11,39.04,46.66,4.75,86.43,313.87
Mangammanapalya,2020,12.9075288,77.6350312,3.63,42.83,47.78,16.51,59.0,566.13
Mangammanapalya,2021,12.9075288,77.6350312,2.51,24.37,28.53,18.02,41.71,606.76
Mangammanapalya,2022,12.9075288,77.6350312,2.67,26.97,31.36,19.51,45.67,625.3
Mangammanapalya,2023,12.9075288,77.6350312,2.22,23.57,27.92,18.23,47.04,591.49
Mangammanapalya,2024,12.9075288,77.6350312,2.21,22.74,25.86,15.89,49.45,596.5
Mangammanapalya,2025,12.9075288,77.6350312,2.1,21.43,26.53,10.02,53.59,327.1
Mangammanapalya,2026,12.9075288,77.6350312,3.18,42.23,50.97,6.06,82.52,332.38
Manorayanapalya,2020,13.0308537,77.6042316,3.63,42.83,47.78,16.51,59.0,566.13
Manorayanapalya,2021,13.0308537,77.6042316,2.51,24.37,28.53,18.02,41.71,606.76
Manorayanapalya,2022,13.0308537,77.6042316,2.67,26.97,31.36,19.51,45.67,625.3
Manorayanapalya,2023,13.0308537,77.6042316,2.22,23.57,27.92,18.23,47.04,591.49
Manorayanapalya,2024,13.0308537,77.6042316,2.21,22.74,25.86,15.89,49.45,596.5
Manorayanapalya,2025,13.0308537,77.6042316,2.1,21.43,26.53,10.02,53.59,327.1
Manorayanapalya,2026,13.0308537,77.6042316,3.17,40.45,48.31,4.7,86.43,311.71
Maragondanahalli,2020,13.0376489,77.6922232,3.63,42.83,47.78,16.51,59.0,566.13
Maragondanahalli,2021,13.0376489,77.6922232,2.51,24.37,28.53,18.02,41.71,606.76
Maragondanahalli,2022,13.0376489,77.6922232,2.67,26.97,31.36,19.51,45.67,625.3
Maragondanahalli,2023,13.0376489,77.6922232,2.22,23.57,27.92,18.23,47.04,591.49
Maragondanahalli,2024,13.0376489,77.6922232,2.21,22.74,25.86,15.89,49.45,596.5
Maragondanahalli,2025,13.0376489,77.6922232,2.1,21.43,26.53,10.02,53.59,327.1
Maragondanahalli,2026,13.0376489,77.6922232,3.17,40.45,48.31,4.7,86.43,311.71
Marathahalli,2020,12.9552572,77.6984163,3.63,42.83,47.78,16.51,59.0,566.13
Marathahalli,2021,12.9552572,77.6984163,2.51,24.37,28.53,18.02,41.71,606.76
Marathahalli,2022,12.9552572,77.6984163,2.67,26.97,31.36,19.51,45.67,625.3
Marathahalli,2023,12.9552572,77.6984163,2.22,23.57,27.92,18.23,47.04,591.49
Marathahalli,2024,12.9552572,77.6984163,2.21,22.74,25.86,15.89,49.45,596.5
Marathahalli,2025,12.9552572,77.6984163,2.1,21.43,26.53,10.02,53.59,327.1
Marathahalli,2026,12.9552572,77.6984163,3.18,42.23,50.97,6.06,82.52,332.38
Marenahalli,2020,12.9182594,77.5916651,3.63,42.83,47.78,16.51,59.0,566.13
Marenahalli,2021,12.9182594,77.5916651,2.51,24.37,28.53,18.02,41.71,606.76
Marenahalli,2022,12.9182594,77.5916651,2.67,26.97,31.36,19.51,45.67,625.3
Marenahalli,2023,12.9182594,77.5916651,2.22,23.57,27.92,18.23,47.04,591.49
Marenahalli,2024,12.9182594,77.5916651,2.21,22.74,25.86,15.89,49.45,596.5
Marenahalli,2025,12.9182594,77.5916651,2.1,21.43,26.53,10.02,53.59,327.1
Marenahalli,2026,12.9182594,77.5916651,3.1,40.65,49.24,6.17,81.26,335.27
Maruthi Seva Nagar,2020,13.0031700,77.6326118,3.63,42.83,47.78,16.51,59.0,566.13
Maruthi Seva Nagar,2021,13.0031700,77.6326118,2.51,24.37,28.53,18.02,41.71,606.76
Maruthi Seva Nagar,2022,13.0031700,77.6326118,2.67,26.97,31.36,19.51,45.67,625.3
Maruthi Seva Nagar,2023,13.0031700,77.6326118,2.22,23.57,27.92,18.23,47.04,591.49
Maruthi Seva Nagar,2024,13.0031700,77.6326118,2.21,22.74,25.86,15.89,49.45,596.5
Maruthi Seva Nagar,2025,13.0031700,77.6326118,2.1,21.43,26.53,10.02,53.59,327.1
Maruthi Seva Nagar,2026,13.0031700,77.6326118,3.17,40.45,48.31,4.7,86.43,311.71
Mattikere,2020,13.0355903,77.5576295,3.63,42.83,47.78,16.51,59.0,566.13
Mattikere,2021,13.0355903,77.5576295,2.51,24.37,28.53,18.02,41.71,606.76
Mattikere,2022,13.0355903,77.5576295,2.67,26.97,31.36,19.51,45.67,625.3
Mattikere,2023,13.0355903,77.5576295,2.22,23.57,27.92,18.23,47.04,591.49
Mattikere,2024,13.0355903,77.5576295,2.21,22.74,25.86,15.89,49.45,596.5
Mattikere,2025,13.0355903,77.5576295,2.1,21.43,26.53,10.02,53.59,327.1
Mattikere,2026,13.0355903,77.5576295,3.11,39.04,46.66,4.75,86.43,313.87
Mudalapalya,2020,12.9686251,77.5244618,3.63,42.83,47.78,16.51,59.0,566.13
Mudalapalya,2021,12.9686251,77.5244618,2.51,24.37,28.53,18.02,41.71,606.76
Mudalapalya,2022,12.9686251,77.5244618,2.67,26.97,31.36,19.51,45.67,625.3
Mudalapalya,2023,12.9686251,77.5244618,2.22,23.57,27.92,18.23,47.04,591.49
Mudalapalya,2024,12.9686251,77.5244618,2.21,22.74,25.86,15.89,49.45,596.5
Mudalapalya,2025,12.9686251,77.5244618,2.1,21.43,26.53,10.02,53.59,327.1
Mudalapalya,2026,12.9686251,77.5244618,3.1,40.65,49.24,6.17,81.26,335.27
Mulluru,2020,12.9028227,77.7135111,3.54,41.03,45.9,6.32,69.59,404.87
Mulluru,2021,12.9028227,77.7135111,2.41,22.46,26.53,11.94,48.93,447.98
Mulluru,2022,12.9028227,77.7135111,2.55,24.9,29.17,12.02,54.31,452.68
Mulluru,2023,12.9028227,77.7135111,2.2,22.47,26.86,12.07,54.33,456.64
Mulluru,2024,12.9028227,77.7135111,2.13,20.62,23.69,8.62,55.88,437.55
Mulluru,2025,12.9028227,77.7135111,2.07,20.62,25.4,7.0,54.94,282.11
Mulluru,2026,12.9028227,77.7135111,3.2,42.92,51.69,5.79,83.49,325.56
Muneshwara Nagar,2020,12.8903178,77.6389484,3.52,40.0,44.97,9.73,67.51,449.97
Muneshwara Nagar,2021,12.8903178,77.6389484,2.37,21.8,26.02,11.22,49.14,440.98
Muneshwara Nagar,2022,12.8903178,77.6389484,2.57,24.93,29.54,13.43,52.21,476.15
Muneshwara Nagar,2023,12.8903178,77.6389484,2.14,20.94,25.4,10.78,54.81,423.53
Muneshwara Nagar,2024,12.8903178,77.6389484,2.11,20.04,23.26,8.4,55.66,429.81
Muneshwara Nagar,2025,12.8903178,77.6389484,2.2,22.98,29.23,10.36,53.23,333.27
Muneshwara Nagar,2026,12.8903178,77.6389484,3.19,42.53,51.53,6.57,81.51,340.56
NaN,2020,12.9350010,77.5931866,3.63,42.83,47.78,16.51,59.0,566.13
NaN,2021,12.9350010,77.5931866,2.51,24.37,28.53,18.02,41.71,606.76
NaN,2022,12.9350010,77.5931866,2.67,26.97,31.36,19.51,45.67,625.3
NaN,2023,12.9350010,77.5931866,2.22,23.57,27.92,18.23,47.04,591.49
NaN,2024,12.9350010,77.5931866,2.21,22.74,25.86,15.89,49.45,596.5
NaN,2025,12.9350010,77.5931866,2.1,21.43,26.53,10.02,53.59,327.1
NaN,2026,12.9350010,77.5931866,3.1,40.65,49.24,6.17,81.26,335.27
Nagadevanahalli,2020,12.9399220,77.4913207,3.64,43.73,48.71,19.64,58.61,622.72
Nagadevanahalli,2021,12.9399220,77.4913207,2.43,22.79,26.9,13.93,45.71,496.7
Nagadevanahalli,2022,12.9399220,77.4913207,2.58,25.0,29.32,14.52,49.81,502.24
Nagadevanahalli,2023,12.9399220,77.4913207,2.17,21.74,26.05,14.24,49.88,485.18
Nagadevanahalli,2024,12.9399220,77.4913207,2.17,21.06,24.12,10.89,53.5,483.84
Nagadevanahalli,2025,12.9399220,77.4913207,2.15,22.32,27.93,11.57,52.27,351.88
Nagadevanahalli,2026,12.9399220,77.4913207,3.06,39.96,48.52,6.42,80.31,341.71
Nagapura,2020,13.0047061,77.5449492,3.63,42.83,47.78,16.51,59.0,566.13
Nagapura,2021,13.0047061,77.5449492,2.51,24.37,28.53,18.02,41.71,606.76
Nagapura,2022,13.0047061,77.5449492,2.67,26.97,31.36,19.51,45.67,625.3
Nagapura,2023,13.0047061,77.5449492,2.22,23.57,27.92,18.23,47.04,591.49
Nagapura,2024,13.0047061,77.5449492,2.21,22.74,25.86,15.89,49.45,596.5
Nagapura,2025,13.0047061,77.5449492,2.1,21.43,26.53,10.02,53.59,327.1
Nagapura,2026,13.0047061,77.5449492,3.11,39.04,46.66,4.75,86.43,313.87
Nagarabhavi,2020,12.9664182,77.5130777,3.63,42.83,47.78,16.51,59.0,566.13
Nagarabhavi,2021,12.9664182,77.5130777,2.51,24.37,28.53,18.02,41.71,606.76
Nagarabhavi,2022,12.9664182,77.5130777,2.67,26.97,31.36,19.51,45.67,625.3
Nagarabhavi,2023,12.9664182,77.5130777,2.22,23.57,27.92,18.23,47.04,591.49
Nagarabhavi,2024,12.9664182,77.5130777,2.21,22.74,25.86,15.89,49.45,596.5
Nagarabhavi,2025,12.9664182,77.5130777,2.1,21.43,26.53,10.02,53.59,327.1
Nagarabhavi,2026,12.9664182,77.5130777,3.1,40.65,49.24,6.17,81.26,335.27
Nagavara,2020,13.0374647,77.6236020,3.63,42.83,47.78,16.51,59.0,566.13
Nagavara,2021,13.0374647,77.6236020,2.51,24.37,28.53,18.02,41.71,606.76
Nagavara,2022,13.0374647,77.6236020,2.67,26.97,31.36,19.51,45.67,625.3
Nagavara,2023,13.0374647,77.6236020,2.22,23.57,27.92,18.23,47.04,591.49
Nagavara,2024,13.0374647,77.6236020,2.21,22.74,25.86,15.89,49.45,596.5
Nagavara,2025,13.0374647,77.6236020,2.1,21.43,26.53,10.02,53.59,327.1
Nagavara,2026,13.0374647,77.6236020,3.17,40.45,48.31,4.7,86.43,311.71
Nayandahalli,2020,12.9413253,77.5212118,3.63,42.83,47.78,16.51,59.0,566.13
Nayandahalli,2021,12.9413253,77.5212118,2.51,24.37,28.53,18.02,41.71,606.76
Nayandahalli,2022,12.9413253,77.5212118,2.67,26.97,31.36,19.51,45.67,625.3
Nayandahalli,2023,12.9413253,77.5212118,2.22,23.57,27.92,18.23,47.04,591.49
Nayandahalli,2024,12.9413253,77.5212118,2.21,22.74,25.86,15.89,49.45,596.5
Nayandahalli,2025,12.9413253,77.5212118,2.1,21.43,26.53,10.02,53.59,327.1
Nayandahalli,2026,12.9413253,77.5212118,3.1,40.65,49.24,6.17,81.26,335.27
New Guddadahalli,2020,12.9560697,77.5465160,3.63,42.83,47.78,16.51,59.0,566.13
New Guddadahalli,2021,12.9560697,77.5465160,2.51,24.37,28.53,18.02,41.71,606.76
New Guddadahalli,2022,12.9560697,77.5465160,2.67,26.97,31.36,19.51,45.67,625.3
New Guddadahalli,2023,12.9560697,77.5465160,2.22,23.57,27.92,18.23,47.04,591.49
New Guddadahalli,2024,12.9560697,77.5465160,2.21,22.74,25.86,15.89,49.45,596.5
New Guddadahalli,2025,12.9560697,77.5465160,2.1,21.43,26.53,10.02,53.59,327.1
New Guddadahalli,2026,12.9560697,77.5465160,3.1,40.65,49.24,6.17,81.26,335.27
Okalipuram,2020,12.9852006,77.5645066,3.63,42.83,47.78,16.51,59.0,566.13
Okalipuram,2021,12.9852006,77.5645066,2.51,24.37,28.53,18.02,41.71,606.76
Okalipuram,2022,12.9852006,77.5645066,2.67,26.97,31.36,19.51,45.67,625.3
Okalipuram,2023,12.9852006,77.5645066,2.22,23.57,27.92,18.23,47.04,591.49
Okalipuram,2024,12.9852006,77.5645066,2.21,22.74,25.86,15.89,49.45,596.5
Okalipuram,2025,12.9852006,77.5645066,2.1,21.43,26.53,10.02,53.59,327.1
Okalipuram,2026,12.9852006,77.5645066,3.1,40.65,49.24,6.17,81.26,335.27
Padarayanapura,2020,12.9647243,77.5518191,3.63,42.83,47.78,16.51,59.0,566.13
Padarayanapura,2021,12.9647243,77.5518191,2.51,24.37,28.53,18.02,41.71,606.76
Padarayanapura,2022,12.9647243,77.5518191,2.67,26.97,31.36,19.51,45.67,625.3
Padarayanapura,2023,12.9647243,77.5518191,2.22,23.57,27.92,18.23,47.04,591.49
Padarayanapura,2024,12.9647243,77.5518191,2.21,22.74,25.86,15.89,49.45,596.5
Padarayanapura,2025,12.9647243,77.5518191,2.1,21.43,26.53,10.02,53.59,327.1
Padarayanapura,2026,12.9647243,77.5518191,3.1,40.65,49.24,6.17,81.26,335.27
Padmanabha Nagar,2020,12.9162790,77.5560752,3.63,42.83,47.78,16.51,59.0,566.13
Padmanabha Nagar,2021,12.9162790,77.5560752,2.51,24.37,28.53,18.02,41.71,606.76
Padmanabha Nagar,2022,12.9162790,77.5560752,2.67,26.97,31.36,19.51,45.67,625.3
Padmanabha Nagar,2023,12.9162790,77.5560752,2.22,23.57,27.92,18.23,47.04,591.49
Padmanabha Nagar,2024,12.9162790,77.5560752,2.21,22.74,25.86,15.89,49.45,596.5
Padmanabha Nagar,2025,12.9162790,77.5560752,2.1,21.43,26.53,10.02,53.59,327.1
Padmanabha Nagar,2026,12.9162790,77.5560752,3.1,40.65,49.24,6.17,81.26,335.27
Peenya,2020,13.0330515,77.5332233,3.63,42.83,47.78,16.51,59.0,566.13
Peenya,2021,13.0330515,77.5332233,2.51,24.37,28.53,18.02,41.71,606.76
Peenya,2022,13.0330515,77.5332233,2.67,26.97,31.36,19.51,45.67,625.3
Peenya,2023,13.0330515,77.5332233,2.22,23.57,27.92,18.23,47.04,591.49
Peenya,2024,13.0330515,77.5332233,2.21,22.74,25.86,15.89,49.45,596.5
Peenya,2025,13.0330515,77.5332233,2.1,21.43,26.53,10.02,53.59,327.1
Peenya,2026,13.0330515,77.5332233,3.11,39.04,46.66,4.75,86.43,313.87
Peenya Industrial Area,2020,13.0160478,77.5045057,3.63,42.83,47.78,16.51,59.0,566.13
Peenya Industrial Area,2021,13.0160478,77.5045057,2.51,24.37,28.53,18.02,41.71,606.76
Peenya Industrial Area,2022,13.0160478,77.5045057,2.67,26.97,31.36,19.51,45.67,625.3
Peenya Industrial Area,2023,13.0160478,77.5045057,2.22,23.57,27.92,18.23,47.04,591.49
Peenya Industrial Area,2024,13.0160478,77.5045057,2.21,22.74,25.86,15.89,49.45,596.5
Peenya Industrial Area,2025,13.0160478,77.5045057,2.1,21.43,26.53,10.02,53.59,327.1
Peenya Industrial Area,2026,13.0160478,77.5045057,3.11,39.04,46.66,4.75,86.43,313.87
Puttenahalli,2020,12.8950778,77.5849188,3.52,40.0,44.97,9.73,67.51,449.97
Puttenahalli,2021,12.8950778,77.5849188,2.37,21.8,26.02,11.22,49.14,440.98
Puttenahalli,2022,12.8950778,77.5849188,2.57,24.93,29.54,13.43,52.21,476.15
Puttenahalli,2023,12.8950778,77.5849188,2.14,20.94,25.4,10.78,54.81,423.53
Puttenahalli,2024,12.8950778,77.5849188,2.11,20.04,23.26,8.4,55.66,429.81
Puttenahalli,2025,12.8950778,77.5849188,2.2,22.98,29.23,10.36,53.23,333.27
Puttenahalli,2026,12.8950778,77.5849188,3.1,40.95,49.8,6.67,80.25,343.45
Rajagopal Nagar,2020,13.0231251,77.5842676,3.63,42.83,47.78,16.51,59.0,566.13
Rajagopal Nagar,2021,13.0231251,77.5842676,2.51,24.37,28.53,18.02,41.71,606.76
Rajagopal Nagar,2022,13.0231251,77.5842676,2.67,26.97,31.36,19.51,45.67,625.3
Rajagopal Nagar,2023,13.0231251,77.5842676,2.22,23.57,27.92,18.23,47.04,591.49
Rajagopal Nagar,2024,13.0231251,77.5842676,2.21,22.74,25.86,15.89,49.45,596.5
Rajagopal Nagar,2025,13.0231251,77.5842676,2.1,21.43,26.53,10.02,53.59,327.1
Rajagopal Nagar,2026,13.0231251,77.5842676,3.11,39.04,46.66,4.75,86.43,313.87
Rajaji Nagar,2020,13.0036633,77.5490651,3.63,42.83,47.78,16.51,59.0,566.13
Rajaji Nagar,2021,13.0036633,77.5490651,2.51,24.37,28.53,18.02,41.71,606.76
Rajaji Nagar,2022,13.0036633,77.5490651,2.67,26.97,31.36,19.51,45.67,625.3
Rajaji Nagar,2023,13.0036633,77.5490651,2.22,23.57,27.92,18.23,47.04,591.49
Rajaji Nagar,2024,13.0036633,77.5490651,2.21,22.74,25.86,15.89,49.45,596.5
Rajaji Nagar,2025,13.0036633,77.5490651,2.1,21.43,26.53,10.02,53.59,327.1
Rajaji Nagar,2026,13.0036633,77.5490651,3.11,39.04,46.66,4.75,86.43,313.87
Rajamahal Guttahalli,2020,12.9989000,77.5811516,3.63,42.83,47.78,16.51,59.0,566.13
Rajamahal Guttahalli,2021,12.9989000,77.5811516,2.51,24.37,28.53,18.02,41.71,606.76
Rajamahal Guttahalli,2022,12.9989000,77.5811516,2.67,26.97,31.36,19.51,45.67,625.3
Rajamahal Guttahalli,2023,12.9989000,77.5811516,2.22,23.57,27.92,18.23,47.04,591.49
Rajamahal Guttahalli,2024,12.9989000,77.5811516,2.21,22.74,25.86,15.89,49.45,596.5
Rajamahal Guttahalli,2025,12.9989000,77.5811516,2.1,21.43,26.53,10.02,53.59,327.1
Rajamahal Guttahalli,2026,12.9989000,77.5811516,3.1,40.65,49.24,6.17,81.26,335.27
Rajarajeshwari Nagar,2020,12.9274413,77.5155224,3.63,42.83,47.78,16.51,59.0,566.13
Rajarajeshwari Nagar,2021,12.9274413,77.5155224,2.51,24.37,28.53,18.02,41.71,606.76
Rajarajeshwari Nagar,2022,12.9274413,77.5155224,2.67,26.97,31.36,19.51,45.67,625.3
Rajarajeshwari Nagar,2023,12.9274413,77.5155224,2.22,23.57,27.92,18.23,47.04,591.49
Rajarajeshwari Nagar,2024,12.9274413,77.5155224,2.21,22.74,25.86,15.89,49.45,596.5
Rajarajeshwari Nagar,2025,12.9274413,77.5155224,2.1,21.43,26.53,10.02,53.59,327.1
Rajarajeshwari Nagar,2026,12.9274413,77.5155224,3.1,40.65,49.24,6.17,81.26,335.27
Rajiv Nagar,2020,13.0529919,77.5842533,3.63,42.83,47.78,16.51,59.0,566.13
Rajiv Nagar,2021,13.0529919,77.5842533,2.51,24.37,28.53,18.02,41.71,606.76
Rajiv Nagar,2022,13.0529919,77.5842533,2.67,26.97,31.36,19.51,45.67,625.3
Rajiv Nagar,2023,13.0529919,77.5842533,2.22,23.57,27.92,18.23,47.04,591.49
Rajiv Nagar,2024,13.0529919,77.5842533,2.21,22.74,25.86,15.89,49.45,596.5
Rajiv Nagar,2025,13.0529919,77.5842533,2.1,21.43,26.53,10.02,53.59,327.1
Rajiv Nagar,2026,13.0529919,77.5842533,3.11,39.04,46.66,4.75,86.43,313.87
Ramamurthy Nagar,2020,13.0120218,77.6777817,3.63,42.83,47.78,16.51,59.0,566.13
Ramamurthy Nagar,2021,13.0120218,77.6777817,2.51,24.37,28.53,18.02,41.71,606.76
Ramamurthy Nagar,2022,13.0120218,77.6777817,2.67,26.97,31.36,19.51,45.67,625.3
Ramamurthy Nagar,2023,13.0120218,77.6777817,2.22,23.57,27.92,18.23,47.04,591.49
Ramamurthy Nagar,2024,13.0120218,77.6777817,2.21,22.74,25.86,15.89,49.45,596.5
Ramamurthy Nagar,2025,13.0120218,77.6777817,2.1,21.43,26.53,10.02,53.59,327.1
Ramamurthy Nagar,2026,13.0120218,77.6777817,3.17,40.45,48.31,4.7,86.43,311.71
Ramapura,2020,13.0469243,77.6849421,3.63,42.83,47.78,16.51,59.0,566.13
Ramapura,2021,13.0469243,77.6849421,2.51,24.37,28.53,18.02,41.71,606.76
Ramapura,2022,13.0469243,77.6849421,2.67,26.97,31.36,19.51,45.67,625.3
Ramapura,2023,13.0469243,77.6849421,2.22,23.57,27.92,18.23,47.04,591.49
Ramapura,2024,13.0469243,77.6849421,2.21,22.74,25.86,15.89,49.45,596.5
Ramapura,2025,13.0469243,77.6849421,2.1,21.43,26.53,10.02,53.59,327.1
Ramapura,2026,13.0469243,77.6849421,3.17,40.45,48.31,4.7,86.43,311.71
Ramaswamypalya,2020,13.0097427,77.6368886,3.63,42.83,47.78,16.51,59.0,566.13
Ramaswamypalya,2021,13.0097427,77.6368886,2.51,24.37,28.53,18.02,41.71,606.76
Ramaswamypalya,2022,13.0097427,77.6368886,2.67,26.97,31.36,19.51,45.67,625.3
Ramaswamypalya,2023,13.0097427,77.6368886,2.22,23.57,27.92,18.23,47.04,591.49
Ramaswamypalya,2024,13.0097427,77.6368886,2.21,22.74,25.86,15.89,49.45,596.5
Ramaswamypalya,2025,13.0097427,77.6368886,2.1,21.43,26.53,10.02,53.59,327.1
Ramaswamypalya,2026,13.0097427,77.6368886,3.17,40.45,48.31,4.7,86.43,311.71
Rayapuram,2020,12.9662640,77.5545329,3.63,42.83,47.78,16.51,59.0,566.13
Rayapuram,2021,12.9662640,77.5545329,2.51,24.37,28.53,18.02,41.71,606.76
Rayapuram,2022,12.9662640,77.5545329,2.67,26.97,31.36,19.51,45.67,625.3
Rayapuram,2023,12.9662640,77.5545329,2.22,23.57,27.92,18.23,47.04,591.49
Rayapuram,2024,12.9662640,77.5545329,2.21,22.74,25.86,15.89,49.45,596.5
Rayapuram,2025,12.9662640,77.5545329,2.1,21.43,26.53,10.02,53.59,327.1
Rayapuram,2026,12.9662640,77.5545329,3.1,40.65,49.24,6.17,81.26,335.27
S K Garden,2020,12.9984097,77.6057238,3.63,42.83,47.78,16.51,59.0,566.13
S K Garden,2021,12.9984097,77.6057238,2.51,24.37,28.53,18.02,41.71,606.76
S K Garden,2022,12.9984097,77.6057238,2.67,26.97,31.36,19.51,45.67,625.3
S K Garden,2023,12.9984097,77.6057238,2.22,23.57,27.92,18.23,47.04,591.49
S K Garden,2024,12.9984097,77.6057238,2.21,22.74,25.86,15.89,49.45,596.5
S K Garden,2025,12.9984097,77.6057238,2.1,21.43,26.53,10.02,53.59,327.1
S K Garden,2026,12.9984097,77.6057238,3.18,42.23,50.97,6.06,82.52,332.38
Sanjaya Nagar,2020,12.9578658,77.6958748,3.63,42.83,47.78,16.51,59.0,566.13
Sanjaya Nagar,2021,12.9578658,77.6958748,2.51,24.37,28.53,18.02,41.71,606.76
Sanjaya Nagar,2022,12.9578658,77.6958748,2.67,26.97,31.36,19.51,45.67,625.3
Sanjaya Nagar,2023,12.9578658,77.6958748,2.22,23.57,27.92,18.23,47.04,591.49
Sanjaya Nagar,2024,12.9578658,77.6958748,2.21,22.74,25.86,15.89,49.45,596.5
Sanjaya Nagar,2025,12.9578658,77.6958748,2.1,21.43,26.53,10.02,53.59,327.1
Sanjaya Nagar,2026,12.9578658,77.6958748,3.18,42.23,50.97,6.06,82.52,332.38
Sarakki,2020,12.9087667,77.5767970,3.63,42.83,47.78,16.51,59.0,566.13
Sarakki,2021,12.9087667,77.5767970,2.51,24.37,28.53,18.02,41.71,606.76
Sarakki,2022,12.9087667,77.5767970,2.67,26.97,31.36,19.51,45.67,625.3
Sarakki,2023,12.9087667,77.5767970,2.22,23.57,27.92,18.23,47.04,591.49
Sarakki,2024,12.9087667,77.5767970,2.21,22.74,25.86,15.89,49.45,596.5
Sarakki,2025,12.9087667,77.5767970,2.1,21.43,26.53,10.02,53.59,327.1
Sarakki,2026,12.9087667,77.5767970,3.1,40.65,49.24,6.17,81.26,335.27
Shakambari Nagar,2020,12.9135785,77.5759435,3.63,42.83,47.78,16.51,59.0,566.13
Shakambari Nagar,2021,12.9135785,77.5759435,2.51,24.37,28.53,18.02,41.71,606.76
Shakambari Nagar,2022,12.9135785,77.5759435,2.67,26.97,31.36,19.51,45.67,625.3
Shakambari Nagar,2023,12.9135785,77.5759435,2.22,23.57,27.92,18.23,47.04,591.49
Shakambari Nagar,2024,12.9135785,77.5759435,2.21,22.74,25.86,15.89,49.45,596.5
Shakambari Nagar,2025,12.9135785,77.5759435,2.1,21.43,26.53,10.02,53.59,327.1
Shakambari Nagar,2026,12.9135785,77.5759435,3.1,40.65,49.24,6.17,81.26,335.27
Shakthi Ganapathi Nagar,2020,12.9937830,77.5360361,3.63,42.83,47.78,16.51,59.0,566.13
Shakthi Ganapathi Nagar,2021,12.9937830,77.5360361,2.51,24.37,28.53,18.02,41.71,606.76
Shakthi Ganapathi Nagar,2022,12.9937830,77.5360361,2.67,26.97,31.36,19.51,45.67,625.3
Shakthi Ganapathi Nagar,2023,12.9937830,77.5360361,2.22,23.57,27.92,18.23,47.04,591.49
Shakthi Ganapathi Nagar,2024,12.9937830,77.5360361,2.21,22.74,25.86,15.89,49.45,596.5
Shakthi Ganapathi Nagar,2025,12.9937830,77.5360361,2.1,21.43,26.53,10.02,53.59,327.1
Shakthi Ganapathi Nagar,2026,12.9937830,77.5360361,3.1,40.65,49.24,6.17,81.26,335.27
Shankar Matt,2020,12.9580503,77.5695626,3.63,42.83,47.78,16.51,59.0,566.13
Shankar Matt,2021,12.9580503,77.5695626,2.51,24.37,28.53,18.02,41.71,606.76
Shankar Matt,2022,12.9580503,77.5695626,2.67,26.97,31.36,19.51,45.67,625.3
Shankar Matt,2023,12.9580503,77.5695626,2.22,23.57,27.92,18.23,47.04,591.49
Shankar Matt,2024,12.9580503,77.5695626,2.21,22.74,25.86,15.89,49.45,596.5
Shankar Matt,2025,12.9580503,77.5695626,2.1,21.43,26.53,10.02,53.59,327.1
Shankar Matt,2026,12.9580503,77.5695626,3.1,40.65,49.24,6.17,81.26,335.27
Shanthi Nagar,2020,12.9544719,77.5926267,3.63,42.83,47.78,16.51,59.0,566.13
Shanthi Nagar,2021,12.9544719,77.5926267,2.51,24.37,28.53,18.02,41.71,606.76
Shanthi Nagar,2022,12.9544719,77.5926267,2.67,26.97,31.36,19.51,45.67,625.3
Shanthi Nagar,2023,12.9544719,77.5926267,2.22,23.57,27.92,18.23,47.04,591.49
Shanthi Nagar,2024,12.9544719,77.5926267,2.21,22.74,25.86,15.89,49.45,596.5
Shanthi Nagar,2025,12.9544719,77.5926267,2.1,21.43,26.53,10.02,53.59,327.1
Shanthi Nagar,2026,12.9544719,77.5926267,3.1,40.65,49.24,6.17,81.26,335.27
Shivaji Nagar,2020,12.9883250,77.6004488,3.63,42.83,47.78,16.51,59.0,566.13
Shivaji Nagar,2021,12.9883250,77.6004488,2.51,24.37,28.53,18.02,41.71,606.76
Shivaji Nagar,2022,12.9883250,77.6004488,2.67,26.97,31.36,19.51,45.67,625.3
Shivaji Nagar,2023,12.9883250,77.6004488,2.22,23.57,27.92,18.23,47.04,591.49
Shivaji Nagar,2024,12.9883250,77.6004488,2.21,22.74,25.86,15.89,49.45,596.5
Shivaji Nagar,2025,12.9883250,77.6004488,2.1,21.43,26.53,10.02,53.59,327.1
Shivaji Nagar,2026,12.9883250,77.6004488,3.18,42.23,50.97,6.06,82.52,332.38
Shivanagara,2020,12.9899608,77.5481731,3.63,42.83,47.78,16.51,59.0,566.13
Shivanagara,2021,12.9899608,77.5481731,2.51,24.37,28.53,18.02,41.71,606.76
Shivanagara,2022,12.9899608,77.5481731,2.67,26.97,31.36,19.51,45.67,625.3
Shivanagara,2023,12.9899608,77.5481731,2.22,23.57,27.92,18.23,47.04,591.49
Shivanagara,2024,12.9899608,77.5481731,2.21,22.74,25.86,15.89,49.45,596.5
Shivanagara,2025,12.9899608,77.5481731,2.1,21.43,26.53,10.02,53.59,327.1
Shivanagara,2026,12.9899608,77.5481731,3.1,40.65,49.24,6.17,81.26,335.27
Srinagar,2020,12.9484488,77.5514971,3.63,42.83,47.78,16.51,59.0,566.13
Srinagar,2021,12.9484488,77.5514971,2.51,24.37,28.53,18.02,41.71,606.76
Srinagar,2022,12.9484488,77.5514971,2.67,26.97,31.36,19.51,45.67,625.3
Srinagar,2023,12.9484488,77.5514971,2.22,23.57,27.92,18.23,47.04,591.49
Srinagar,2024,12.9484488,77.5514971,2.21,22.74,25.86,15.89,49.45,596.5
Srinagar,2025,12.9484488,77.5514971,2.1,21.43,26.53,10.02,53.59,327.1
Srinagar,2026,12.9484488,77.5514971,3.1,40.65,49.24,6.17,81.26,335.27
Subhash Nagar,2020,12.9899856,77.5719656,3.63,42.83,47.78,16.51,59.0,566.13
Subhash Nagar,2021,12.9899856,77.5719656,2.51,24.37,28.53,18.02,41.71,606.76
Subhash Nagar,2022,12.9899856,77.5719656,2.67,26.97,31.36,19.51,45.67,625.3
Subhash Nagar,2023,12.9899856,77.5719656,2.22,23.57,27.92,18.23,47.04,591.49
Subhash Nagar,2024,12.9899856,77.5719656,2.21,22.74,25.86,15.89,49.45,596.5
Subhash Nagar,2025,12.9899856,77.5719656,2.1,21.43,26.53,10.02,53.59,327.1
Subhash Nagar,2026,12.9899856,77.5719656,3.1,40.65,49.24,6.17,81.26,335.27
Subramanya Nagar,2020,13.0047903,77.5599387,3.63,42.83,47.78,16.51,59.0,566.13
Subramanya Nagar,2021,13.0047903,77.5599387,2.51,24.37,28.53,18.02,41.71,606.76
Subramanya Nagar,2022,13.0047903,77.5599387,2.67,26.97,31.36,19.51,45.67,625.3
Subramanya Nagar,2023,13.0047903,77.5599387,2.22,23.57,27.92,18.23,47.04,591.49
Subramanya Nagar,2024,13.0047903,77.5599387,2.21,22.74,25.86,15.89,49.45,596.5
Subramanya Nagar,2025,13.0047903,77.5599387,2.1,21.43,26.53,10.02,53.59,327.1
Subramanya Nagar,2026,13.0047903,77.5599387,3.11,39.04,46.66,4.75,86.43,313.87
Suddagunte Palya,2020,12.9311660,77.6040736,3.63,42.83,47.78,16.51,59.0,566.13
Suddagunte Palya,2021,12.9311660,77.6040736,2.51,24.37,28.53,18.02,41.71,606.76
Suddagunte Palya,2022,12.9311660,77.6040736,2.67,26.97,31.36,19.51,45.67,625.3
Suddagunte Palya,2023,12.9311660,77.6040736,2.22,23.57,27.92,18.23,47.04,591.49
Suddagunte Palya,2024,12.9311660,77.6040736,2.21,22.74,25.86,15.89,49.45,596.5
Suddagunte Palya,2025,12.9311660,77.6040736,2.1,21.43,26.53,10.02,53.59,327.1
Suddagunte Palya,2026,12.9311660,77.6040736,3.18,42.23,50.97,6.06,82.52,332.38
Sunkadakatte,2020,12.9951556,77.5022163,3.63,42.83,47.78,16.51,59.0,566.13
Sunkadakatte,2021,12.9951556,77.5022163,2.51,24.37,28.53,18.02,41.71,606.76
Sunkadakatte,2022,12.9951556,77.5022163,2.67,26.97,31.36,19.51,45.67,625.3
Sunkadakatte,2023,12.9951556,77.5022163,2.22,23.57,27.92,18.23,47.04,591.49
Sunkadakatte,2024,12.9951556,77.5022163,2.21,22.74,25.86,15.89,49.45,596.5
Sunkadakatte,2025,12.9951556,77.5022163,2.1,21.43,26.53,10.02,53.59,327.1
Sunkadakatte,2026,12.9951556,77.5022163,3.1,40.65,49.24,6.17,81.26,335.27
Sunkenahalli,2020,12.9471363,77.5690053,3.63,42.83,47.78,16.51,59.0,566.13
Sunkenahalli,2021,12.9471363,77.5690053,2.51,24.37,28.53,18.02,41.71,606.76
Sunkenahalli,2022,12.9471363,77.5690053,2.67,26.97,31.36,19.51,45.67,625.3
Sunkenahalli,2023,12.9471363,77.5690053,2.22,23.57,27.92,18.23,47.04,591.49
Sunkenahalli,2024,12.9471363,77.5690053,2.21,22.74,25.86,15.89,49.45,596.5
Sunkenahalli,2025,12.9471363,77.5690053,2.1,21.43,26.53,10.02,53.59,327.1
Sunkenahalli,2026,12.9471363,77.5690053,3.1,40.65,49.24,6.17,81.26,335.27
Swamy Vivekananda,2020,12.9360268,77.5461862,3.63,42.83,47.78,16.51,59.0,566.13
Swamy Vivekananda,2021,12.9360268,77.5461862,2.51,24.37,28.53,18.02,41.71,606.76
Swamy Vivekananda,2022,12.9360268,77.5461862,2.67,26.97,31.36,19.51,45.67,625.3
Swamy Vivekananda,2023,12.9360268,77.5461862,2.22,23.57,27.92,18.23,47.04,591.49
Swamy Vivekananda,2024,12.9360268,77.5461862,2.21,22.74,25.86,15.89,49.45,596.5
Swamy Vivekananda,2025,12.9360268,77.5461862,2.1,21.43,26.53,10.02,53.59,327.1
Swamy Vivekananda,2026,12.9360268,77.5461862,3.1,40.65,49.24,6.17,81.26,335.27
T Dasarahalli,2020,13.0450201,77.5076896,3.63,42.83,47.78,16.51,59.0,566.13
T Dasarahalli,2021,13.0450201,77.5076896,2.51,24.37,28.53,18.02,41.71,606.76
T Dasarahalli,2022,13.0450201,77.5076896,2.67,26.97,31.36,19.51,45.67,625.3
T Dasarahalli,2023,13.0450201,77.5076896,2.22,23.57,27.92,18.23,47.04,591.49
T Dasarahalli,2024,13.0450201,77.5076896,2.21,22.74,25.86,15.89,49.45,596.5
T Dasarahalli,2025,13.0450201,77.5076896,2.1,21.43,26.53,10.02,53.59,327.1
T Dasarahalli,2026,13.0450201,77.5076896,3.11,39.04,46.66,4.75,86.43,313.87
Thanisandra,2020,13.0522499,77.6316152,3.63,42.83,47.78,16.51,59.0,566.13
Thanisandra,2021,13.0522499,77.6316152,2.51,24.37,28.53,18.02,41.71,606.76
Thanisandra,2022,13.0522499,77.6316152,2.67,26.97,31.36,19.51,45.67,625.3
Thanisandra,2023,13.0522499,77.6316152,2.22,23.57,27.92,18.23,47.04,591.49
Thanisandra,2024,13.0522499,77.6316152,2.21,22.74,25.86,15.89,49.45,596.5
Thanisandra,2025,13.0522499,77.6316152,2.1,21.43,26.53,10.02,53.59,327.1
Thanisandra,2026,13.0522499,77.6316152,3.17,40.45,48.31,4.7,86.43,311.71
Ulsoor,2020,12.9778793,77.6246697,3.63,42.83,47.78,16.51,59.0,566.13
Ulsoor,2021,12.9778793,77.6246697,2.51,24.37,28.53,18.02,41.71,606.76
Ulsoor,2022,12.9778793,77.6246697,2.67,26.97,31.36,19.51,45.67,625.3
Ulsoor,2023,12.9778793,77.6246697,2.22,23.57,27.92,18.23,47.04,591.49
Ulsoor,2024,12.9778793,77.6246697,2.21,22.74,25.86,15.89,49.45,596.5
Ulsoor,2025,12.9778793,77.6246697,2.1,21.43,26.53,10.02,53.59,327.1
Ulsoor,2026,12.9778793,77.6246697,3.18,42.23,50.97,6.06,82.52,332.38
Uttarahalli,2020,12.9055682,77.5455438,3.63,42.83,47.78,16.51,59.0,566.13
Uttarahalli,2021,12.9055682,77.5455438,2.51,24.37,28.53,18.02,41.71,606.76
Uttarahalli,2022,12.9055682,77.5455438,2.67,26.97,31.36,19.51,45.67,625.3
Uttarahalli,2023,12.9055682,77.5455438,2.22,23.57,27.92,18.23,47.04,591.49
Uttarahalli,2024,12.9055682,77.5455438,2.21,22.74,25.86,15.89,49.45,596.5
Uttarahalli,2025,12.9055682,77.5455438,2.1,21.43,26.53,10.02,53.59,327.1
Uttarahalli,2026,12.9055682,77.5455438,3.1,40.65,49.24,6.17,81.26,335.27
Vannarpet,2020,12.9572018,77.6189609,3.63,42.83,47.78,16.51,59.0,566.13
Vannarpet,2021,12.9572018,77.6189609,2.51,24.37,28.53,18.02,41.71,606.76
Vannarpet,2022,12.9572018,77.6189609,2.67,26.97,31.36,19.51,45.67,625.3
Vannarpet,2023,12.9572018,77.6189609,2.22,23.57,27.92,18.23,47.04,591.49
Vannarpet,2024,12.9572018,77.6189609,2.21,22.74,25.86,15.89,49.45,596.5
Vannarpet,2025,12.9572018,77.6189609,2.1,21.43,26.53,10.02,53.59,327.1
Vannarpet,2026,12.9572018,77.6189609,3.18,42.23,50.97,6.06,82.52,332.38
Varthuru,2020,12.9406508,77.7469880,3.54,41.03,45.9,6.32,69.59,404.87
Varthuru,2021,12.9406508,77.7469880,2.41,22.46,26.53,11.94,48.93,447.98
Varthuru,2022,12.9406508,77.7469880,2.55,24.9,29.17,12.02,54.31,452.68
Varthuru,2023,12.9406508,77.7469880,2.2,22.47,26.86,12.07,54.33,456.64
Varthuru,2024,12.9406508,77.7469880,2.13,20.62,23.69,8.62,55.88,437.55
Varthuru,2025,12.9406508,77.7469880,2.07,20.62,25.4,7.0,54.94,282.11
Varthuru,2026,12.9406508,77.7469880,3.2,42.92,51.69,5.79,83.49,325.56
Veerenahalli,2020,13.0269727,77.7278860,3.54,41.03,45.9,6.32,69.59,404.87
Veerenahalli,2021,13.0269727,77.7278860,2.41,22.46,26.53,11.94,48.93,447.98
Veerenahalli,2022,13.0269727,77.7278860,2.55,24.9,29.17,12.02,54.31,452.68
Veerenahalli,2023,13.0269727,77.7278860,2.2,22.47,26.86,12.07,54.33,456.64
Veerenahalli,2024,13.0269727,77.7278860,2.13,20.62,23.69,8.62,55.88,437.55
Veerenahalli,2025,13.0269727,77.7278860,2.07,20.62,25.4,7.0,54.94,282.11
Veerenahalli,2026,13.0269727,77.7278860,3.19,41.14,49.03,4.43,87.4,304.89
Vijayanagar,2020,12.9709537,77.5373851,3.63,42.83,47.78,16.51,59.0,566.13
Vijayanagar,2021,12.9709537,77.5373851,2.51,24.37,28.53,18.02,41.71,606.76
Vijayanagar,2022,12.9709537,77.5373851,2.67,26.97,31.36,19.51,45.67,625.3
Vijayanagar,2023,12.9709537,77.5373851,2.22,23.57,27.92,18.23,47.04,591.49
Vijayanagar,2024,12.9709537,77.5373851,2.21,22.74,25.86,15.89,49.45,596.5
Vijayanagar,2025,12.9709537,77.5373851,2.1,21.43,26.53,10.02,53.59,327.1
Vijayanagar,2026,12.9709537,77.5373851,3.1,40.65,49.24,6.17,81.26,335.27
Vijinapura,2020,13.0039028,77.6736303,3.63,42.83,47.78,16.51,59.0,566.13
Vijinapura,2021,13.0039028,77.6736303,2.51,24.37,28.53,18.02,41.71,606.76
Vijinapura,2022,13.0039028,77.6736303,2.67,26.97,31.36,19.51,45.67,625.3
Vijinapura,2023,13.0039028,77.6736303,2.22,23.57,27.92,18.23,47.04,591.49
Vijinapura,2024,13.0039028,77.6736303,2.21,22.74,25.86,15.89,49.45,596.5
Vijinapura,2025,13.0039028,77.6736303,2.1,21.43,26.53,10.02,53.59,327.1
Vijinapura,2026,13.0039028,77.6736303,3.17,40.45,48.31,4.7,86.43,311.71
Vishveshwara Puram,2020,12.9508420,77.5738862,3.63,42.83,47.78,16.51,59.0,566.13
Vishveshwara Puram,2021,12.9508420,77.5738862,2.51,24.37,28.53,18.02,41.71,606.76
Vishveshwara Puram,2022,12.9508420,77.5738862,2.67,26.97,31.36,19.51,45.67,625.3
Vishveshwara Puram,2023,12.9508420,77.5738862,2.22,23.57,27.92,18.23,47.04,591.49
Vishveshwara Puram,2024,12.9508420,77.5738862,2.21,22.74,25.86,15.89,49.45,596.5
Vishveshwara Puram,2025,12.9508420,77.5738862,2.1,21.43,26.53,10.02,53.59,327.1
Vishveshwara Puram,2026,12.9508420,77.5738862,3.1,40.65,49.24,6.17,81.26,335.27
Vishwanath Nagenahalli,2020,13.0388225,77.6033449,3.63,42.83,47.78,16.51,59.0,566.13
Vishwanath Nagenahalli,2021,13.0388225,77.6033449,2.51,24.37,28.53,18.02,41.71,606.76
Vishwanath Nagenahalli,2022,13.0388225,77.6033449,2.67,26.97,31.36,19.51,45.67,625.3
Vishwanath Nagenahalli,2023,13.0388225,77.6033449,2.22,23.57,27.92,18.23,47.04,591.49
Vishwanath Nagenahalli,2024,13.0388225,77.6033449,2.21,22.74,25.86,15.89,49.45,596.5
Vishwanath Nagenahalli,2025,13.0388225,77.6033449,2.1,21.43,26.53,10.02,53.59,327.1
Vishwanath Nagenahalli,2026,13.0388225,77.6033449,3.17,40.45,48.31,4.7,86.43,311.71
White Field,2020,12.9696620,77.7528005,3.54,41.03,45.9,6.32,69.59,404.87
White Field,2021,12.9696620,77.7528005,2.41,22.46,26.53,11.94,48.93,447.98
White Field,2022,12.9696620,77.7528005,2.55,24.9,29.17,12.02,54.31,452.68
White Field,2023,12.9696620,77.7528005,2.2,22.47,26.86,12.07,54.33,456.64
White Field,2024,12.9696620,77.7528005,2.13,20.62,23.69,8.62,55.88,437.55
White Field,2025,12.9696620,77.7528005,2.07,20.62,25.4,7.0,54.94,282.11
White Field,2026,12.9696620,77.7528005,3.2,42.92,51.69,5.79,83.49,325.56
Yediyur,2020,12.9301531,77.5763445,3.63,42.83,47.78,16.51,59.0,566.13
Yediyur,2021,12.9301531,77.5763445,2.51,24.37,28.53,18.02,41.71,606.76
Yediyur,2022,12.9301531,77.5763445,2.67,26.97,31.36,19.51,45.67,625.3
Yediyur,2023,12.9301531,77.5763445,2.22,23.57,27.92,18.23,47.04,591.49
Yediyur,2024,12.9301531,77.5763445,2.21,22.74,25.86,15.89,49.45,596.5
Yediyur,2025,12.9301531,77.5763445,2.1,21.43,26.53,10.02,53.59,327.1
Yediyur,2026,12.9301531,77.5763445,3.1,40.65,49.24,6.17,81.26,335.27
Yelahanka taluku,2020,13.1339788,77.5975918,3.53,40.54,45.23,6.11,69.72,398.1
Yelahanka taluku,2021,13.1339788,77.5975918,2.31,20.78,24.69,7.79,51.68,380.18
Yelahanka taluku,2022,13.1339788,77.5975918,2.48,23.35,27.53,8.64,56.11,398.08
Yelahanka taluku,2023,13.1339788,77.5975918,2.12,20.53,24.78,8.16,55.81,387.83
Yelahanka taluku,2024,13.1339788,77.5975918,2.11,19.76,22.77,6.16,57.83,399.82
Yelahanka taluku,2025,13.1339788,77.5975918,2.02,19.07,23.24,5.91,55.29,263.16
Yelahanka taluku,2026,13.1339788,77.5975918,3.1,38.74,46.1,4.22,87.45,305.25
Yeshwanthpura,2020,13.0235821,77.5542275,3.63,42.83,47.78,16.51,59.0,566.13
Yeshwanthpura,2021,13.0235821,77.5542275,2.51,24.37,28.53,18.02,41.71,606.76
Yeshwanthpura,2022,13.0235821,77.5542275,2.67,26.97,31.36,19.51,45.67,625.3
Yeshwanthpura,2023,13.0235821,77.5542275,2.22,23.57,27.92,18.23,47.04,591.49
Yeshwanthpura,2024,13.0235821,77.5542275,2.21,22.74,25.86,15.89,49.45,596.5
Yeshwanthpura,2025,13.0235821,77.5542275,2.1,21.43,26.53,10.02,53.59,327.1
Yeshwanthpura,2026,13.0235821,77.5542275,3.11,39.04,46.66,4.75,86.43,313.87
